codigo,tipo,descripcion,existencias,costo_unitario,subtotal_original,subtotal_calculado,subtotal,discrepancia_subtotal
1H025-FS,DESCONTINUADO,BOMBA 1H 0.25HP,11,801.2,8813.0,8813.2,8813.2,True
AL-ANG-1/16-1.5M-1/16,DESCONTINUADO,ANGULO-DE-ALUMINIO-1.5-1/16,14,99.5,1393.0,1393.0,1393.0,False
ANI-ACC-PLA-58,DESCONTINUADO,ANILLO CUBREPOLVOS NEGRO PARA CALENTADOR SOLAR DE BAJA Y ALTA PRESIÓN,2486,0.6,1492.0,1491.6,1491.6,True
ANI-ACC-PLA-58-AP,DESCONTINUADO,Anillo cubrepolvos para tubo 58 mm para alta presión,146,1.0,146.0,146.0,146.0,False
ANI-HEX-SIL-1/2X22-AP,DESCONTINUADO,ANILLO CUBREPOLVOS HEXAGONAL BLANCO PARA CALENTADOR DE ALTA PRESIÓN,621,0.5,311.0,310.5,310.5,True
ANTARTIC-12-CO,DESCONTINUADO,CONDENSADORA PARA ANTARTIC-12E,1,2023.5,2024.0,2023.5,2023.5,True
APS01W125,DESCONTINUADO,LUMINARIO AP APS01W125,2,719.0,1438.0,1438.0,1438.0,False
APS05W25,DESCONTINUADO,SUBURBANA APS05W25,80,101.3,8104.0,8104.0,8104.0,False
APS08W25,DESCONTINUADO,SUBURBANA APS08W25,60,101.3,6078.0,6078.0,6078.0,False
APS12W25,DESCONTINUADO,SUBURBANA APS12W25,79,90.0,7110.0,7110.0,7110.0,False
APS15W90,DESCONTINUADO,LUMINARIO SUBURBANO 90W,23,717.5,16503.0,16502.5,16502.5,True
APS20W80,DESCONTINUADO,LAMPARA SUBURBANA 80W,3,187.9,564.0,563.7,563.7,True
APS21W60,DESCONTINUADO,LAMPARA SUBURBANA 60W,2,159.4,319.0,318.8,318.8,True
APS22W200,DESCONTINUADO,LAMPARA SUBURBANA 200W,13,986.0,12818.0,12818.0,12818.0,False
APS23W100,DESCONTINUADO,LAMPARA SUBURBANA 100W,2,719.0,1438.0,1438.0,1438.0,False
A-TYPE-GLUE-OSA545,DESCONTINUADO,Glue A type,588,97.9,57565.0,57565.2,57565.2,True
BAR-INT-M-1-1/4-300,DESCONTINUADO,"BARRA DE MAGNESIO ROSCA 1 1/4"" X 300 mm LARGO",64,294.1,18822.0,18822.4,18822.4,True
BAR-INT-M-3/4X200,DESCONTINUADO,Barra de Magnesio 3/4 Macho de 20 cm,6,35.3,212.0,211.8,211.8,True
BAR-INT-M-3/4X300,CSA IMPORT,"BARRA DE MAGNESIO ROSCA 3/4"" X 300 mm LARGO",782,31.8,24868.0,24867.6,24867.6,True
BAR-M-1X360-AP,CSA IMPORT,"BARRA DE MAGNESIO ROSCA 1"" X 300 mm LARGO",3050,61.6,187880.0,187880.0,187880.0,False
BAR-TUB,CSA IMPORT,BARRA DE MAGNESIO DE TUBO,513,17.5,8978.0,8977.5,8977.5,True
BAT-LTH-12V,DESCONTINUADO,BATERIA-LTH-12V,2,3237.6,6475.0,6475.2,6475.2,True
BCPE-150,DESCONTINUADO,BASE CALENTADOR SOLAR/PRESIÓN CAMA PLANA,102,358.5,36567.0,36567.0,36567.0,False
BDM-250LV,DESCONTINUADO,MICROINVERSOR 250 W ERA,144,2245.4,323338.0,323337.6,323337.6,True
BDM-300X2LV,DESCONTINUADO,MICROINVERSOR 600 W ERA,312,3323.0,1036776.0,1036776.0,1036776.0,False
BG-08,CSA IMPORT,BASE CALENTADOR SOLAR/GRAVEDAD 80 L 8 TUBOS,423,203.8,86207.0,86207.4,86207.4,True
BG-08C,CSA IMPORT,BASE CALENTADOR SOLAR/GRAVEDAD 80 L 8 TUBOS MODELO 75mm,381,217.1,82715.0,82715.1,82715.1,True
BG-08S,DESCONTINUADO,BASE CALENTADOR SOLAR/GRAVEDAD 80 L 8 TUBOS MODELO SLIM,2,217.0,434.0,434.0,434.0,False
BG-10,CSA IMPORT,BASE CALENTADOR SOLAR/GRAVEDAD 100 L 10 TUBOS,969,227.4,220351.0,220350.6,220350.6,True
BG-10C,CSA IMPORT,BASE CALENTADOR SOLAR/GRAVEDAD 100 L 10 TUBOS MODELO 75mm,732,218.8,160162.0,160161.6,160161.6,True
BG-10S,DESCONTINUADO,BASE CALENTADOR SOLAR/GRAVEDAD 100 L 10 TUBOS MODELO SLIM,1,219.0,219.0,219.0,219.0,False
BG-12,CSA IMPORT,BASE CALENTADOR SOLAR/GRAVEDAD 120 L 12 TUBOS,5211,240.5,1253246.0,1253245.5,1253245.5,True
BG-12C,CSA IMPORT,BASE CALENTADOR SOLAR/GRAVEDAD 120 L 12 TUBOS MODELO 75mm,791,223.8,177026.0,177025.8,177025.8,True
BG-12S,DESCONTINUADO,BASE CALENTADOR SOLAR/GRAVEDAD 120 L 12 TUBOS MODELO SLIM,4,240.0,960.0,960.0,960.0,False
BG-15,CSA IMPORT,BASE CALENTADOR SOLAR/GRAVEDAD 150 L 15 TUBOS,1380,241.1,332718.0,332718.0,332718.0,False
BG-15C,CSA IMPORT,BASE CALENTADOR SOLAR/GRAVEDAD 150 L 15 TUBOS MODELO 75mm,1069,237.3,253674.0,253673.7,253673.7,True
BG-15S,DESCONTINUADO,BASE CALENTADOR SOLAR/GRAVEDAD 150 L 15 TUBOS MODELO SLIM,17,237.0,4029.0,4029.0,4029.0,False
BG-18,CSA IMPORT,BASE CALENTADOR SOLAR/GRAVEDAD 180 L 18 TUBOS,300,275.8,82740.0,82740.0,82740.0,False
BG-18C,CSA IMPORT,BASE CALENTADOR SOLAR/GRAVEDAD 180 L 18 TUBOS,442,265.7,117439.0,117439.4,117439.4,True
BG-18S,DESCONTINUADO,BASE CALENTADOR SOLAR/GRAVEDAD 180 L 18 TUBOS MODELO SLIM,1,266.0,266.0,266.0,266.0,False
BG-20,CSA IMPORT,BASE CALENTADOR SOLAR/GRAVEDAD 200 L 20 TUBOS,203,346.0,70238.0,70238.0,70238.0,False
BG-20C,CSA IMPORT,BASE CALENTADOR SOLAR/GRAVEDAD 200 L 20 TUBOS,228,340.2,77566.0,77565.6,77565.6,True
BG-20S,DESCONTINUADO,BASE CALENTADOR SOLAR/GRAVEDAD 200 L 20 TUBOS MODELO SLIM,6,340.0,2040.0,2040.0,2040.0,False
BG-24,CSA IMPORT,BASE CALENTADOR SOLAR/GRAVEDAD 240 L 24 TUBOS,240,415.6,99744.0,99744.0,99744.0,False
BG-24C,CSA IMPORT,BASE CALENTADOR SOLAR/GRAVEDAD 240 L 24 TUBOS,147,383.3,56345.0,56345.1,56345.1,True
BG-24S,DESCONTINUADO,BASE CALENTADOR SOLAR/GRAVEDAD 240 L 24 TUBOS MODELO SLIM,0,400.0,0.0,0.0,0.0,False
BG-30,CSA IMPORT,BASE CALENTADOR SOLAR/GRAVEDAD 300 L 30 TUBOS,526,422.6,222288.0,222287.6,222287.6,True
BG-30C,CSA IMPORT,BASE CALENTADOR SOLAR/GRAVEDAD 300 L 30 TUBOS,134,419.7,56240.0,56239.8,56239.8,True
BG-30S,DESCONTINUADO,BASE CALENTADOR SOLAR/GRAVEDAD 300 L 30 TUBOS MODELO SLIM,0,,,,,False
BL-020,DESCONTINUADO,FOCO REPRODUCTOR,33,68.7,2267.0,2267.1,2267.1,True
BP-10,CSA IMPORT,BASE CALENTADOR SOLAR/PRESIÓN 150 L 10 TUBOS,529,291.7,154309.0,154309.3,154309.3,True
BP-12,CSA IMPORT,BASE CALENTADOR SOLAR/PRESIÓN 150 L 12 TUBOS,1385,282.9,391817.0,391816.5,391816.5,True
BP120W15-090,DESCONTINUADO,BOMBA PRESURIZADORA 120W,9,,,,,False
BP1ME050,DESCONTINUADO,MOTOBOMBA PERIFERICA 1/2 HP 120V,8,812.9,6503.0,6503.2,6503.2,True
BP1ME100,DESCONTINUADO,BOMBA PERIFERICA DE 1 HP MARCA EVANS,2,713.3,1427.0,1426.6,1426.6,True
BP-20,CSA IMPORT,BASE CALENTADOR SOLAR/PRESIÓN 240 L 20 TUBOS,174,386.3,67216.0,67216.2,67216.2,True
BP-26,CSA IMPORT,BASE CALENTADOR SOLAR/PRESIÓN 300 L 26 TUBOS,309,488.8,151039.0,151039.2,151039.2,True
B-TYPE-GLUE-OSA545,DESCONTINUADO,Glue B type,92,107.3,9872.0,9871.6,9871.6,True
CAB-10-NEG-CC-FV,DESCONTINUADO,CABLE NEGRO FOTOVOLTAICO CAL. 10 600V,4,24.2,85.0,96.8,96.8,True
CAB-10-ROJ-CC,DESCONTINUADO,Cable Calibre 10 Rojo CC,0,9.9,0.0,0.0,0.0,False
CABDES-10-AWC,DESCONTINUADO,Cable calibre 10 Desnudo,0,12.8,0.0,0.0,0.0,False
CAB-USO-RUDO-2X12,DESCONTINUADO,"CABLE DE USO RUDO CALIBRE 12, 2 COND.",873,29.1,25404.0,25404.3,25404.3,True
CAJA-CONEC-OSA545,FOTOVOLTAICO,Caja de conexión,718,1.0,718.0,718.0,718.0,False
CAB-10-AWG,DESCONTINUADO,CABLE No. 10 AWG,600,23.9,14340.0,14340.0,14340.0,False
CAJ-BATERIA-PLA-ILP,DESCONTINUADO,Caja de baterías de plástico para ILP,53,2.8,148.0,148.4,148.4,True
CI-350-77,LÍNEA HOGAR,CAMPANA ISLA TOUCHLESS 75 cm,126,2398.9,302261.0,302261.4,302261.4,True
ClaveSinLote-GAL-RED-3/4-1/2,DESCONTINUADO,reduccion galvanizada de 3/4 a 1/2,60,9.8,588.0,588.0,588.0,False
FV-ANG-REF-1456-1133,FOTOVOLTAICO,Ángulo de refuerzo de aluminio de estructura fotovoltaica de 1.456 metros,4455,100.0,445500.0,445500.0,445500.0,False
FV-PATADEL-NEOP-150,FOTOVOLTAICO,Pata delantera de estructura fotovoltaica,18257,56.5,1031521.0,1031520.5,1031520.5,True
FV-PATATRA-NEOP-540,FOTOVOLTAICO,Pata telescópica trasera de estructura fotovoltaica,15604,121.2,1891205.0,1891204.8,1891204.8,True
FV-UNIONRIEL-150,FOTOVOLTAICO,COPLE EFV,5464,11.2,61197.0,61196.8,61196.8,True
ILP-06-VALSOL,DESCONTINUADO,VaLVULA SOLENOIDE ILP-6,53,39.5,2094.0,2093.5,2093.5,True
ILP-12,DESCONTINUADO,CALENTADOR A GAS INSTANTÁNEO 12 L,2,1122.1,2244.0,2244.2,2244.2,True
MICROSWITCH-ILP,DESCONTINUADO,MICROSWITCHP ARA ILP,53,2.5,133.0,132.5,132.5,True
MOD-IG-ILP,DESCONTINUADO,modulo de ignición (acero) (F.O.C)  REFACCION ILP,53,93.0,4929.0,4929.0,4929.0,False
PEI-5-77,LÍNEA HOGAR,PARRILLA VITROCERAMICA 5 QUEMADORES 110 V 77 CM,302,1728.3,521947.0,521946.6,521946.6,True
PERILLA-MET-ILP,DESCONTINUADO,PERILLA DE METAL PARA ILP,53,2.5,133.0,132.5,132.5,True
PPR-ABRCLIP-3/4,DESCONTINUADO,ABRAZADERA CIRCULAR TIPO CLIP PAR TUBERIA 1 PULGADA,1027,1.0,1027.0,1027.0,1027.0,False
SENSOR-TEMP-ILP,DESCONTINUADO,SENSOR DE TEMPERATURA 70° C ACERO (F.O.C),53,7.6,403.0,402.8,402.8,True
SET-KIT-CAMBIO-CASQUILLOS,CSA IMPORT,KIT DE CAMBIO DE CASQUILLOS PARA CALENTADOR DE ALTA PRESIÓN,3453,63.4,218920.0,218920.2,218920.2,True
CP-TS-60-N,LÍNEA HOGAR,CAMPANA PAERD T TOUCHLESS 60 cm,228,1836.0,418608.0,418608.0,418608.0,False
CP-TS-90-N,LÍNEA HOGAR,CAMPANA PARED T TOUCHLESS 90 cm,138,1820.9,251284.0,251284.2,251284.2,True
TGC-08,CSA PROD,TANQUE CALENTADOR SOLAR/GRAVEDAD 75mm 80L 08TUBOS,65,986.9,64149.0,64148.5,64148.5,True
TGC-10,CSA PROD,TANQUE CALENTADOR SOLAR/GRAVEDAD 75mm 100 L 10 TUBOS,149,1050.2,156480.0,156479.8,156479.8,True
TGC-12,CSA PROD,TANQUE CALENTADOR SOLAR/GRAVEDAD 75mm 120L 12 TUBOS,33,1155.6,38135.0,38134.8,38134.8,True
TGC-15,CSA PROD,TANQUE CALENTADOR SOLAR/GRAVEDAD 75mm 150L 15 TUBOS,229,1364.5,312471.0,312470.5,312470.5,True
TGC-18,CSA IMPORT,TANQUE CALENTADOR SOLAR/GRAVEDAD 180L 18 TUBOS,0,1493.6,0.0,0.0,0.0,False
TGC-20,CSA IMPORT,TANQUE CALENTADOR SOLAR/GRAVEDAD 200L 20 TUBOS,199,1666.6,331653.0,331653.4,331653.4,True
TGC-24,CSA IMPORT,TANQUE CALENTADOR SOLAR/GRAVEDAD 240L 24 TUBOS,74,1869.1,138313.0,138313.4,138313.4,True
TGC-30,CSA IMPORT,TANQUE CALENTADOR SOLAR/GRAVEDAD 300L 30 TUBOS,27,2387.2,64454.0,64454.4,64454.4,True
TUP-01R,CSA IMPORT,TUBO CALENTADOR SOLAR/PRESIÓN REFACCIÓN HOME DEPOT,1083,147.8,160067.0,160067.4,160067.4,True
ZEUS-2,DESCONTINUADO,PAQUETE AISLADO ZEUS DE 2 PANELES DE 270W C/U,1,14904.3,14904.0,14904.3,14904.3,True
CAJ-ESTRU-HELIOS,DESCONTINUADO,CAJA PARA RESGUARDO DE ESTRUCTURA CAJA CORRUGADO SENCILLO 102x26x13,111,14.2,1576.0,1576.2,1576.2,True
CAJ-HELIOS-1P,DESCONTINUADO,CAJA PARA HELIOS DE 1 PANEL,38,110.4,4195.0,4195.2,4195.2,True
CAJ-HELIOS-2P,DESCONTINUADO,CAJA PARA HELIOS DE 2 PANELES,7,141.4,990.0,989.8,989.8,True
CAS-INT-COB-75-AP,DESCONTINUADO,CASQUILLO DE COBRE PARA CALENTADOR ALTA PRESIÓN,524,1.0,524.0,524.0,524.0,False
CEI-8KW-1S,LÍNEA HOGAR,CALENTADOR ELECTRICO 220 V 8000 W,175,1230.0,215250.0,215250.0,215250.0,False
CI-350,LÍNEA HOGAR,CAMPANA ISLA TOUCHLESS 90 cm,128,2165.8,277222.0,277222.4,277222.4,True
CIN-EMP,DESCONTINUADO,Cinta adhesiva para empaque,180,208.8,37584.0,37584.0,37584.0,False
CINT-TEFL-3/4-X260,DESCONTINUADO,CINTA TEFLON DE 3/4 X 260,302,,,,,False
CNT-MC4-HYM,DESCONTINUADO,CONECTOR MC4 HEMBRA Y MACHO MARCA PV ACCESORIES,4596,33.8,155345.0,155344.8,155344.8,True
CNT-VALL-TIERRA,DESCONTINUADO,Conector Para Varilla Tierra Copperweld,0,4.8,0.0,0.0,0.0,False
CON-ACC-PLA-58,CSA IMPORT,CONO PLASTICO BLANCO PARA SOPORTE DE TUBO DE BAJA PRESIÓN,766,1.0,766.0,766.0,766.0,False
CP-250,LÍNEA HOGAR,CAMPANA PARED TOUCHLESS 60 cm,225,1469.5,330638.0,330637.5,330637.5,True
CP-250-90,LÍNEA HOGAR,CAMPANA PARED TOUCHLESS 90 cm,155,1409.2,218426.0,218426.0,218426.0,False
CRISTAL-PEI-5-90,DESCONTINUADO,CRISTAL-PEI-5-90,10,7.4,74.0,74.0,74.0,False
CTO-10B,DESCONTINUADO,"CARBÓN ACTIVADO EN BLOQUE QUE RETIENE CLORO, OLORES, SABORES Y TURBIEDAD DEL AGUA. RETIENE SEDIMENTOS DEL AGUA HASTA DE 10UM  
MARCA EVANS",4,56.8,227.0,227.2,227.2,True
CU-ADAPMACH-1/2,DESCONTINUADO,ADAPTADOR MACHO COBRE 1/2PUL,247,15.5,3829.0,3828.5,3828.5,True
CU-RDCBSH-3/4A1/2,DESCONTINUADO,Reduccion Bushing Cobre 3/4 A 1/2,8,,,,,False
CU-TUB-1/2,DESCONTINUADO,TUBO RIGIDO DE COBRE DE 1/2,10,60.3,603.0,603.0,603.0,False
EC-180,DESCONTINUADO,EXTRACTOR DE COCINA EC-180,7,1242.4,8697.0,8696.8,8696.8,True
EFV-KR-H1,DESCONTINUADO,TIRANTE HELIOS-1,0,83.9,0.0,0.0,0.0,False
EFV-KRL-H2,DESCONTINUADO,TIRANTE IZQUIERDO HELIOS-2,544,82.4,44826.0,44825.6,44825.6,True
EFV-KRR-H2,DESCONTINUADO,TIRANTE DERECHO HELIOS-2,0,82.8,0.0,0.0,0.0,False
EFV-PD-H1,DESCONTINUADO,PATA DELANTERA HELIOS-1,0,50.7,0.0,0.0,0.0,False
EFV-PD-H2,DESCONTINUADO,PATA DELANTERA HELIOS-2,740,61.2,45288.0,45288.0,45288.0,False
EFV-PDM-H2,DESCONTINUADO,PATA DELANTERA MEDIA HELIOS-2,1,70.0,70.0,70.0,70.0,False
EFV-PTE-H1,DESCONTINUADO,PATA TRASERA CENTRAL HELIOS-1,0,,,,,False
EFV-PT-H1,DESCONTINUADO,PATA TRASERA HELIOS-1,0,70.9,0.0,0.0,0.0,False
EFV-PT-H2,DESCONTINUADO,PATA TRASERA HELIOS-2,870,84.9,73863.0,73863.0,73863.0,False
EFV-PTM-H2,DESCONTINUADO,PATA TRASERA MEDIA HELIOS-2,1,99.7,100.0,99.7,99.7,True
EMP-ACC-SIL-58,DESCONTINUADO,EMPAQUE DE SILICON BLANCO PARA CALENTADOR DE BAJA PRESIÓN,1604,1.1,1764.0,1764.4,1764.4,True
FORLITE-100W,DESCONTINUADO,"FORLITE-60K-100-01 --- LUMINARIA  
ALUMBRADO PUBLICO FORLITE 100W 110-240V  
6,000K(FORLIGHTING)  
FOTOCELDA TIPO OJILLO",23,1774.8,40820.0,40820.4,40820.4,True
FUS-15A-1000V,DESCONTINUADO,FUSIBLE 15 AMPERES 1000VCD,5,89.7,449.0,448.5,448.5,True
FV-CLIP-TIERRA-1133,FOTOVOLTAICO,EFV CLIP TIERRA PARA ESTRUCTURA 1133,9498,11.7,111127.0,111126.6,111126.6,True
FV-KIT-REF-1440,FOTOVOLTAICO,KIT DE REFUERZO PARA ESTRUCTURA FOTOVOLTAICA DE 4 MODULOS 1440MM,4000,112.5,450000.0,450000.0,450000.0,False
FV-LAMTIER-1133,FOTOVOLTAICO,LAMINA TIERRA EFV PARA PANEL 1133,24482,5.7,139547.0,139547.4,139547.4,True
FV-L-PATA-1133-D2,DESCONTINUADO,FV-L-PATA-1133-D2,38,,,,,False
FV-NEOPRENO-38X38-D2,DESCONTINUADO,FV-NEOPRENO-38X38-D2,4,,,,,False
FV-OPRESOR-EXT-1133,FOTOVOLTAICO,FV-OPRESOR-EXT-1133,11145,8.0,89160.0,89160.0,89160.0,False
FV-OPRESOR-MED-1133,FOTOVOLTAICO,FV-OPRESOR-MED-1133,15166,15.8,239623.0,239622.8,239622.8,True
FV-PIJABROCA-6.3X80-D2,DESCONTINUADO,FV-PIJABROCA-6.3X80-D2,600,2.4,1440.0,1440.0,1440.0,False
FV-PINTURA-AL,DESCONTINUADO,TERMINADO COLOR ALUMINIO EN AEROSOL,1,60.3,60.0,60.3,60.3,True
FV-RIEL-ALU-4.7M-1133,FOTOVOLTAICO,FV-RIEL-ALU-4.7M-1133,7523,390.4,2936979.0,2936979.2,2936979.2,True
FV-TAQEXP-INOX-5/16,DESCONTINUADO,Taquete expansivo tipo arpon acero inox. De 5/16x2,56366,10.5,591843.0,591843.0,591843.0,False
FV-TELESCOPIO,FOTOVOLTAICO,PATA TELESCOPICA,1022,150.0,153300.0,153300.0,153300.0,False
FV-TOR-M8X50-ALLEN-D2,DESCONTINUADO,Tornillo cabeza hexagonal para llave allen 5/16x1 de acero inoxidable,500,5.0,2500.0,2500.0,2500.0,False
FV-VARTIER,DESCONTINUADO,VARILLA TIERRA COPERWELD 1.50 M,0,180.0,0.0,0.0,0.0,False
GABPLAS-04UNI,DESCONTINUADO,Gabinete Plastico 4 unidades,539,94.3,50828.0,50827.7,50827.7,True
GABPLAS-08UNI,DESCONTINUADO,Gabinete Plastico 8 unidades,143,356.8,51022.0,51022.4,51022.4,True
GAL-NIP-3/4,DESCONTINUADO,NIPLE GALVANIZADO DE CUERDA CORRIDA 3/4,886,,,,,False
GAL-RED-3/4-1/2,DESCONTINUADO,reduccion galvanizada de 3/4 a 1/2,152,8.4,1277.0,1276.8,1276.8,True
GAL-TEE-3/4,DESCONTINUADO,Tee Galvanizada 3/4 Hierro maleable,74,17.0,1258.0,1258.0,1258.0,False
GEM-270X2,DESCONTINUADO,"PAQUETE FOTOVOLTAICO / 2 MSF-270, 1 APS 500, EFV-02",4,14500.0,58000.0,58000.0,58000.0,False
GW3600D-NS,DESCONTINUADO,INVERSOR GOODWE 3600 W,3,13967.4,41902.0,41902.2,41902.2,True
GW4200D-NS,DESCONTINUADO,INVERSOR GOODWE 4200 W-POR REMATE,7,17569.2,122984.0,122984.4,122984.4,True
GW5000D-NS,DESCONTINUADO,INVERSOR GOODWE 5000 W,1,11141.6,11142.0,11141.6,11141.6,True
HELIOS-1,DESCONTINUADO,PAQUETE FOTOVOLTAICO HELIOS DE 1 PANEL,8,5695.8,45566.0,45566.4,45566.4,True
HELIOS-2,DESCONTINUADO,PAQUETE FOTOVOLTAICO HELIOS DE 2 PANELES,1,,,,,False
HJ-9050,DESCONTINUADO,LLAVE MEZCLADORA DE AGUA TIPO FREGADOR,397,450.0,178650.0,178650.0,178650.0,False
ILP-06,LÍNEA HOGAR,CALENTADOR A GAS LP 6 LITROS,39,751.0,29289.0,29289.0,29289.0,False
ILP-09,LÍNEA HOGAR,CALENTADOR A GAS LP 9 LITROS,211,1266.4,267210.0,267210.4,267210.4,True
INVERA X2-3.6k,DESCONTINUADO,INVERSOR INVERA 3600 W,2,13967.4,27935.0,27934.8,27934.8,True
INVONDAMOD-450W12V,DESCONTINUADO,INVERSOR ONDA MODIFICADA 450W 12V / VAC 1100 SAMLEX,20,1058.3,21166.0,21166.0,21166.0,False
INVONDAMOD-800W-12V,DESCONTINUADO,INVERSOR DE ONDA MODIFICADO 800W 12V/ VAC 1100 SAMLEX,21,1770.3,37176.0,37176.3,37176.3,True
ISI-1.1,DESCONTINUADO,INVERSOR ISI 1.1,13,7408.9,96316.0,96315.7,96315.7,True
KIT-MAN-GRA-10,CSA IMPORT,NO EXISTE EN NINGUNO,0,,,,,False
KIT-TS-006-TIENDAS,DESCONTINUADO,KIT DE INSTALACION PARA TIENDAS ERA,0,,,,,False
KIT-TS-007-TIENDAS,DESCONTINUADO,KIT DE INSTALACION PARA TIENDAS ERA,0,,,,,False
K-ROAD100W/LM,DESCONTINUADO,LUMINARIA DE VIALIDAD 100 W MARCA ALETC 5 AÑOS DE GARANTÍA,48,2204.0,105792.0,105792.0,105792.0,False
LIRA-4-60,LÍNEA HOGAR,PARRILLA DE INDUCCIÓN 4 QUEMADORES 110 V 60 CM,708,1962.8,1389662.0,1389662.4,1389662.4,True
LIRA-5-77,LÍNEA HOGAR,PARRILLA DE INDUCCIÓN 5 QUEMADORES 110 V 77 CM,493,2487.2,1226190.0,1226189.6,1226189.6,True
LIRA-5-90,LÍNEA HOGAR,PARRILLA DE INDUCCIÓN 5 QUEMADORES 110 V 90 CM,398,2895.5,1152409.0,1152409.0,1152409.0,False
LIRA-SC,DESCONTINUADO,PARRILLA INDUCCION LIRA 1200 W (SIN CAZUELA),6,567.1,3403.0,3402.6,3402.6,True
LLAVE-COMB-STD-1/2,DESCONTINUADO,"LLAVE COMBINADA STD, PRETUL 1/2""",1232,23.6,29075.0,29075.2,29075.2,True
LS20W62,DESCONTINUADO,LUMINARIA SOLAR LS20W62,21,119.3,2505.0,2505.3,2505.3,True
LS20W72,DESCONTINUADO,LUMINARIA SOLAR LS20W72,31,112.4,3484.0,3484.4,3484.4,True
LSCS20,DESCONTINUADO,LÁMPARA SOLAR CON SENSOR LSCS20,38,41.8,1588.0,1588.4,1588.4,True
MAN-ACC-GEN,DESCONTINUADO,Manual de usuario tanque de gravedad GENÉRICO,14,6.5,91.0,91.0,91.0,False
MSF-250,DESCONTINUADO,PANEL SOLAR 250 W POLICRISTALINO,33,1000.0,33000.0,33000.0,33000.0,False
MSF-260,DESCONTINUADO,PANEL SOLAR 260W,3,2088.9,6267.0,6266.7,6266.7,True
MSF-270,DESCONTINUADO,PANELES DE CÉLULAS FOTOVOLTAICAS DE 270W,435,1604.2,697827.0,697827.0,697827.0,False
MSF-330,DESCONTINUADO,PANEL SOLAR 330 W POLICRISTALINO,17,1855.7,31547.0,31546.9,31546.9,True
ODA545-36-MH,FOTOVOLTAICO,PANEL FOTOVOLTAICO MONOCRISTALINO MARCA OSDA SOLAR 545 W,92,2199.0,202308.0,202308.0,202308.0,False
ODP-6OPTIMUS,DESCONTINUADO,CALENTADOR DE GAS PARA AGUA ODP 6O PTIMUS,13,1890.1,24571.0,24571.3,24571.3,True
PAS-TER-100-AP,CSA IMPORT,Pasta térmica,306,14.9,4559.0,4559.4,4559.4,True
PCPE-150,DESCONTINUADO,PANEL CALENTADOR SOLAR/PRESIÓN CAMA PLANA 150 L,0,1970.6,0.0,0.0,0.0,False
PEI-4-60,LÍNEA HOGAR,PARRILLA VITROCERAMICA 4 QUEMADORES 110 V 60 CM,828,1409.2,1166818.0,1166817.6,1166817.6,True
PEI-5-90,LÍNEA HOGAR,PARRILLA VITROCERAMICA 5 QUEMADORES 110 V 90 CM,509,2034.9,1035764.0,1035764.1,1035764.1,True
PIPETA-1.30,DESCONTINUADO,PIPETA-1.30,715,65.8,47047.0,47047.0,47047.0,False
PLP-4,LÍNEA HOGAR,PARRILLA A GAS LP Y NATURAL 4 QUEMADORES 60 CM,166,1455.4,241596.0,241596.4,241596.4,True
PLP-5,LÍNEA HOGAR,PARRILLA A GAS LP Y NATURAL 5 QUEMADORES 87 CM,15,2086.6,31299.0,31299.0,31299.0,False
PP-10,DESCONTINUADO,CARTUCHO CON EXCELENTE ABSORCIÓN DEL AGUA QUE FACILITA LA FILTRACIÓN. MARCA EVANS,58,20.3,1177.0,1177.4,1177.4,True
PPR-ADAPHEMB-1,DESCONTINUADO,PPR-ADAP-MACHO-1,9,,,,,False
PPR-ADAPHEMB-2,DESCONTINUADO,Adaptador Hembra PPR 2 PULGADAS,2,602.7,1205.0,1205.4,1205.4,True
PPR-ADAP-HEMBRA-3/4,DESCONTINUADO,PPR-ADAP-HEMBRA-3/4,72,36.4,2621.0,2620.8,2620.8,True
PPR-ADAPMACH-1/2,DESCONTINUADO,Adaptador Macho PPR 1/2,15,28.4,426.0,426.0,426.0,False
PPR-ADAPMACH-3/4,DESCONTINUADO,ADAPTADOR MACHO PPR 3/4PUL,12479,19.1,238349.0,238348.9,238348.9,True
PPR-CHECK3/4,DESCONTINUADO,VALVULA CHECK DE PPR 3/4,0,,,,,False
PPR-COD-3/4-45,DESCONTINUADO,CODO PPR 45  3/4,3235,2.7,8735.0,8734.5,8734.5,True
PPR-COD-3/4-90,DESCONTINUADO,CODO PPR 90  3/4,396,3.9,1544.0,1544.4,1544.4,True
PPR-COD-45-1,DESCONTINUADO,CODO DE PPR A 45 GRADOS DE 1 PULGADA,36,10.7,385.0,385.2,385.2,True
PPR-COD-90-1,DESCONTINUADO,CODO DE PPR A 90 GRADOS DE 1 PULGADA,23,10.6,244.0,243.8,243.8,True
PPR-COD-90-1/2,DESCONTINUADO,CODO DE PPR A 90 GRADOS DE 1/2,65,4.3,280.0,279.5,279.5,True
PPR-COD-90-2,DESCONTINUADO,CODO DE PPR A 90 GRADOS DE 2 PULGADAS,3,69.1,207.0,207.3,207.3,True
PPR-COP-1/2,DESCONTINUADO,Cople PPR 1/2,154,20.3,3126.0,3126.2,3126.2,True
PPR-COP-3/4,DESCONTINUADO,COPLE PPR 3/4PUL,2624,3.7,9709.0,9708.8,9708.8,True
PPR-RDC-1A3/4,DESCONTINUADO,REDUCCION DE PPR DE 1 A 3/4,19,7.1,135.0,134.9,134.9,True
PPR-RDC-2A1-1/4,DESCONTINUADO,"REDUCCION PPR DE 2"" A 1 1/4""",20,53.2,1064.0,1064.0,1064.0,False
PPR-RDC-3/4A1/2,DESCONTINUADO,Reduccion PPR 3/4 A 1/2,81,5.0,405.0,405.0,405.0,False
PPR-TEE-1,DESCONTINUADO,TEE DE PPR DE 1 PULGADA,4,6.4,26.0,25.6,25.6,True
PPR-TEE-2,DESCONTINUADO,TEE DE PPR DE 2 PULGADAS,8,78.1,625.0,624.8,624.8,True
PPR-TEE-3/4,DESCONTINUADO,TEE PPR 3/4,3044,2.2,6697.0,6696.8,6696.8,True
PPR-TUB-2,DESCONTINUADO,TUBO DE PPR DE 2 PULGADAS,14,179.7,2516.0,2515.8,2515.8,True
PPR-TUB-3/4,DESCONTINUADO,TUBO DE PPR DE 3/4 PULGADA,0,,,,,False
PPR-TUE-3/4,DESCONTINUADO,TUERCA UNION PPR 3/4,2704,7.6,20550.0,20550.4,20550.4,True
PPR-VALESF-3/4,DESCONTINUADO,VÁLVULA ESFERA PPR 3/4,89,36.0,3204.0,3204.0,3204.0,False
PV-IN-1000-HYM,FOTOVOLTAICO,HOYMILES HMS 1000 W1F 220V,1,3529.4,3529.0,3529.4,3529.4,True
PV-IN-5S6-SL,FOTOVOLTAICO,"Suministro de inversol de corriente con potencia nominal 5 kWp, marca SOLIS, para interconexión a 220vca",1,,,,,False
PV-IN-5S8K1F-SL,FOTOVOLTAICO,"Inversor de corriente con potencia 
nominal de 8 kWp, marca SOLIS, para 
interconexión a 220vca 1F",1,17378.0,17378.0,17378.0,17378.0,False
QUEMADOR-PEI-5-90,DESCONTINUADO,QUEMADOR-PEI-5-90,10,106.6,1066.0,1066.0,1066.0,False
RW02W100,DESCONTINUADO,REFLECTOR WIFI RW02W100,6,600.5,3603.0,3603.0,3603.0,False
RW02W200,DESCONTINUADO,REFLECTOR WIFI RW02W200,9,790.4,7114.0,7113.6,7113.6,True
RW02W50,DESCONTINUADO,REFLECTOR WIFI RW02W50,22,454.7,10003.0,10003.4,10003.4,True
S-10206,DESCONTINUADO,BOCINA BLUETOOTH SOLAR,20,95.3,1906.0,1906.0,1906.0,False
SG-S04W12,DESCONTINUADO,LAMPARA LED DE EMPOTRE 12W 170MM,1,45.0,45.0,45.0,45.0,False
SG-S11W18EB,DESCONTINUADO,LAMPARA LED DE SOBRE PONER 18 W 220MM,5,67.0,335.0,335.0,335.0,False
SG-S46W12,DESCONTINUADO,LAMPARA LED DE EMPOTRE 18W 170MM,13,67.0,871.0,871.0,871.0,False
SG-S46W18,DESCONTINUADO,LAMPARA LED DE EMPOTRE 18W 170MM,16,84.0,1344.0,1344.0,1344.0,False
SILI-DIO-400ML,DESCONTINUADO,SILICoN PARA PEGAR CAJA DE DIODOS A PANEL 400 ML,391,95.7,37419.0,37418.7,37418.7,True
SOLAR-BOX-1,DESCONTINUADO,Caja para 1 baterías de paneles solares para paquete Zeus-1,12,5895.4,70745.0,70744.8,70744.8,True
SOP-SUJ-TUB-PRE-AP,DESCONTINUADO,SOPORTE SUJETADOR DE TUBO NEGRO PARA ALTA PRESIÓN POR PIEZA,274,2.6,712.0,712.4,712.4,True
TAB-CON-PEI-5-90,DESCONTINUADO,TAB-CON-PEI-5-90,10,26.7,267.0,267.0,267.0,False
TAB-PRIN-PEI-5-90,DESCONTINUADO,TAB-PRIN-PEI-5-90,10,10.3,103.0,103.0,103.0,False
TERMINAL-OJILLO-10,DESCONTINUADO,TERMINAL-OJILLO-10,20,1.2,24.0,24.0,24.0,False
TGC-08,CSA PROD,TANQUE CALENTADOR SOLAR/GRAVEDAD 75mm 80L 08TUBOS,65,986.9,64149.0,64148.5,64148.5,True
TGC-10,CSA PROD,TANQUE CALENTADOR SOLAR/GRAVEDAD 75mm 100 L 10 TUBOS,149,1050.2,156480.0,156479.8,156479.8,True
TGC-12,CSA PROD,TANQUE CALENTADOR SOLAR/GRAVEDAD 75mm 120L 12 TUBOS,33,1155.6,38135.0,38134.8,38134.8,True
TGC-15,CSA PROD,TANQUE CALENTADOR SOLAR/GRAVEDAD 75mm 150L 15 TUBOS,229,1364.5,312471.0,312470.5,312470.5,True
TGC-18,CSA IMPORT,TANQUE CALENTADOR SOLAR/GRAVEDAD 180L 18 TUBOS,0,1440.6,0.0,0.0,0.0,False
TGC-20,CSA IMPORT,TANQUE CALENTADOR SOLAR/GRAVEDAD 200L 20 TUBOS,199,1559.3,310301.0,310300.7,310300.7,True
TGC-24,CSA IMPORT,TANQUE CALENTADOR SOLAR/GRAVEDAD 240L 24 TUBOS,74,1857.8,137477.0,137477.2,137477.2,True
TGC-30,CSA IMPORT,TANQUE CALENTADOR SOLAR/GRAVEDAD 300L 30 TUBOS,27,2344.9,63312.0,63312.3,63312.3,True
TGR-08,CSA PROD,TANQUE CALENTADOR SOLAR/GRAVEDAD RAYSOL 80 L 8 TUBOS,35,1067.6,37366.0,37366.0,37366.0,False
TGR-10,CSA PROD,TANQUE CALENTADOR SOLAR/GRAVEDAD RAYSOL 100 L 10 TUBOS,184,1141.3,209999.0,209999.2,209999.2,True
TGR-12,CSA PROD,TANQUE CALENTADOR SOLAR/GRAVEDAD RAYSOL 120 L 12 TUBOS,62,1267.9,78610.0,78609.8,78609.8,True
TGR-15,CSA PROD,TANQUE CALENTADOR SOLAR/GRAVEDAD RAYSOL 150 L 15 TUBOS,80,1424.7,113976.0,113976.0,113976.0,False
TGR-18,CSA IMPORT,TANQUE CALENTADOR SOLAR/GRAVEDAD RAYSOL 180 L 18 TUBOS,184,1617.9,297694.0,297693.6,297693.6,True
TGR-20,CSA IMPORT,TANQUE CALENTADOR SOLAR/GRAVEDAD RAYSOL 200 L 20 TUBOS,52,,,,,False
TGR-24,CSA IMPORT,TANQUE CALENTADOR SOLAR/GRAVEDAD RAYSOL 240 L 24 TUBOS,101,1895.2,191415.0,191415.2,191415.2,True
TGR-30,CSA IMPORT,TANQUE CALENTADOR SOLAR/GRAVEDAD RAYSOL 300 L 30 TUBOS,117,2175.6,254545.0,254545.2,254545.2,True
TGL-24,DESCONTINUADO,TANQUE DE GRAVEDAD DE 240 LITROS MARCA LEFRANSOL,0,2607.6,0.0,0.0,0.0,False
TGR-07,DESCONTINUADO,TANQUE CALENTADOR SOLAR/GRAVEDAD RAYSOL 80 L 7 TUBOS,0,700.0,0.0,0.0,0.0,False
TGR-08,CSA PROD,TANQUE CALENTADOR SOLAR/GRAVEDAD RAYSOL 80 L 8 TUBOS,35,1016.7,35585.0,35584.5,35584.5,True
TGR-10,CSA PROD,TANQUE CALENTADOR SOLAR/GRAVEDAD RAYSOL 100 L 10 TUBOS,184,1111.4,204498.0,204497.6,204497.6,True
TGR-12,CSA PROD,TANQUE CALENTADOR SOLAR/GRAVEDAD RAYSOL 120 L 12 TUBOS,62,1251.6,77599.0,77599.2,77599.2,True
TGR-15,CSA PROD,TANQUE CALENTADOR SOLAR/GRAVEDAD RAYSOL 150 L 15 TUBOS,80,1426.7,114136.0,114136.0,114136.0,False
TGR-18,CSA IMPORT,TANQUE CALENTADOR SOLAR/GRAVEDAD RAYSOL 180 L 18 TUBOS,184,1698.0,312432.0,312432.0,312432.0,False
TGR-20,CSA IMPORT,TANQUE CALENTADOR SOLAR/GRAVEDAD RAYSOL 200 L 20 TUBOS,52,1687.3,87740.0,87739.6,87739.6,True
TGR-24,CSA IMPORT,TANQUE CALENTADOR SOLAR/GRAVEDAD RAYSOL 240 L 24 TUBOS,101,1819.0,183719.0,183719.0,183719.0,False
TGR-30,CSA IMPORT,TANQUE CALENTADOR SOLAR/GRAVEDAD RAYSOL 300 L 30 TUBOS,117,2206.0,258102.0,258102.0,258102.0,False
TGR-08,CSA PROD,TANQUE CALENTADOR SOLAR/GRAVEDAD RAYSOL 80 L 8 TUBOS,35,925.6,32396.0,32396.0,32396.0,False
TGR-10,CSA PROD,TANQUE CALENTADOR SOLAR/GRAVEDAD RAYSOL 100 L 10 TUBOS,184,1050.8,193347.0,193347.2,193347.2,True
TGR-12,CSA PROD,TANQUE CALENTADOR SOLAR/GRAVEDAD RAYSOL 120 L 12 TUBOS,62,1209.4,74983.0,74982.8,74982.8,True
TGR-15,CSA PROD,TANQUE CALENTADOR SOLAR/GRAVEDAD RAYSOL 150 L 15 TUBOS,80,1381.2,110496.0,110496.0,110496.0,False
TGR-18,CSA IMPORT,TANQUE CALENTADOR SOLAR/GRAVEDAD RAYSOL 180 L 18 TUBOS,184,1570.4,288954.0,288953.6,288953.6,True
TGR-20,CSA IMPORT,TANQUE CALENTADOR SOLAR/GRAVEDAD RAYSOL 200 L 20 TUBOS,52,1923.1,100001.0,100001.2,100001.2,True
TGR-24,CSA IMPORT,TANQUE CALENTADOR SOLAR/GRAVEDAD RAYSOL 240 L 24 TUBOS,101,1963.2,198283.0,198283.2,198283.2,True
TGR-30,CSA IMPORT,TANQUE CALENTADOR SOLAR/GRAVEDAD RAYSOL 300 L 30 TUBOS,117,2377.8,278203.0,278202.6,278202.6,True
TOR-EXT,DESCONTINUADO,Tornillo Conector para base,251,1.6,402.0,401.6,401.6,True
TPE-10,CSA IMPORT,TANQUE CALENTADOR SOLAR/PRESIÓN ERA 150 L 10 TUBOS,194,2600.5,504497.0,504497.0,504497.0,False
TPE-12,CSA IMPORT,TANQUE CALENTADOR SOLAR/PRESIÓN ERA 150 L 12 TUBOS,96,2661.7,255523.0,255523.2,255523.2,True
TPE-20,CSA IMPORT,TANQUE CALENTADOR SOLAR/PRESIÓN ERA 240 L 20 TUBOS,75,4288.7,321653.0,321652.5,321652.5,True
TPE-26,CSA IMPORT,TANQUE CALENTADOR SOLAR/PRESIÓN ERA 300 L 26 TUBOS,155,5080.7,787509.0,787508.5,787508.5,True
TPE-10,CSA IMPORT,TANQUE CALENTADOR SOLAR/PRESIÓN ERA 150 L 10 TUBOS,194,2731.2,529853.0,529852.8,529852.8,True
TPE-12,CSA IMPORT,TANQUE CALENTADOR SOLAR/PRESIÓN ERA 150 L 12 TUBOS,96,2931.7,281443.0,281443.2,281443.2,True
TPE-20,CSA IMPORT,TANQUE CALENTADOR SOLAR/PRESIÓN ERA 240 L 20 TUBOS,75,4373.9,328043.0,328042.5,328042.5,True
TPE-26,CSA IMPORT,TANQUE CALENTADOR SOLAR/PRESIÓN ERA 300 L 26 TUBOS,155,5183.5,803443.0,803442.5,803442.5,True
TUG-01R,CSA IMPORT,TUBO CALENTADOR SOLAR/GRAVEDAD REFACCIÓN HOME DEPOT,1009,40.0,40360.0,40360.0,40360.0,False
TUG-08,CSA IMPORT,CAJA TUBOS CALENTADOR SOLAR/GRAVEDAD 8 PIEZAS,1360,369.4,502384.0,502384.0,502384.0,False
TUG-10,CSA IMPORT,CAJA TUBOS CALENTADOR SOLAR/GRAVEDAD 10 PIEZAS,2976,454.4,1352294.0,1352294.4,1352294.4,True
TUG-12,CSA IMPORT,CAJA TUBOS CALENTADOR SOLAR/GRAVEDAD 12 PIEZAS,5081,546.5,2776767.0,2776766.5,2776766.5,True
TUG-15,CSA IMPORT,CAJA TUBOS CALENTADOR SOLAR/GRAVEDAD 15 PIEZAS,1701,666.6,1133887.0,1133886.6,1133886.6,True
TUP-06,CSA IMPORT,CAJA TUBOS CALENTADOR SOLAR/PRESIÓN 6 PIEZAS,205,771.6,158178.0,158178.0,158178.0,False
TUP-10,CSA IMPORT,CAJA TUBOS CALENTADOR SOLAR/PRESIÓN 10 PIEZAS,461,1410.9,650425.0,650424.9,650424.9,True
TUP-12,CSA IMPORT,CAJA TUBOS CALENTADOR SOLAR/PRESIÓN 12 PIEZAS,469,1434.1,672593.0,672592.9,672592.9,True
TXL-10,DESCONTINUADO,TANQUE CALENTADOR SOLAR/GRAVEDAD SOLUCIÓN 120L 10TUBOS,0,1617.0,0.0,0.0,0.0,False
TXL-24,DESCONTINUADO,TANQUE CALENTADOR SOLAR/GRAVEDAD SOLUCIÓN 300L 24 TUBOS,3,,,,,False
UNICEL-H1,DESCONTINUADO,"PROTECTOR PARA HELIOS-1  
DENSIDAD 12 KG/M3  
MEDIDAS (14cm * 20cm) (6cm * 5cm * 4cm * 3.5cm)",0,4.4,0.0,0.0,0.0,False
UV-30.,DESCONTINUADO,FILTRO PURIFICADOR AGUA 3 ETAPAS,12,1706.6,20479.0,20479.2,20479.2,True
VAL-ANTICONG,DESCONTINUADO,VÁLVULA-ANTICONG,700,251.6,176120.0,176120.0,176120.0,False
VAL-ANTRET-3/4,DESCONTINUADO,VÁLVULA ANTI-RETORNO 3/4PUL,20,158.9,3178.0,3178.0,3178.0,False
VAL-ANTVAC-AP,CSA IMPORT,"VALVULA ANTIVACIO 1/2"" ALTA PRESIÓN",825,106.1,87533.0,87532.5,87532.5,True
VALESF-SOL-3/4,DESCONTINUADO,Valvula Esfera Soldable 3/4,530,97.0,51410.0,51410.0,51410.0,False
VAL-PT-0.77-90C-AP,CSA IMPORT,"VALVULA DE ALIVIO DE PRESION Y TEMPERATURA 0.77 Mpa 90° 3/4"" ALTA PRESÓN",1240,148.7,184388.0,184388.0,184388.0,False
VENA-CHP-CALIENTE,DESCONTINUADO,VENA DE AGUA CALIENTE PARA CALENTADOR DE ALTA PRESIÓN,4,,,,,False
CAJA-SET-CONEX-CMT,CSA IMPORT,kit de conexiones de ppr y pph para isnatalciones de calentadores CMT,0,27.5,0.0,0.0,0.0,False
KIT-MAN-PRE-10-12,CSA IMPORT,NO EXISTE EN NINGUNO,0,,,,,False
KIT-5-SOP-TUB-PRE,CSA IMPORT,NO EXISTE EN NINGUNO,0,26.5,0.0,0.0,0.0,False
FILTRO-CAMPANA-CI,LÍNEA HOGAR,FILTRO DE CARBON ACTIVADO REFACCION PARA MODELOS CI,309,30.5,9425.0,9424.5,9424.5,True
REFACCIONES-IMPORTACIONES,DESCONTINUADO,REFACCIONES-IMPORTACIONES,45,40.7,1832.0,1831.5,1831.5,True
SET-KIT-CON-PPR-AP,CSA IMPORT,SET DE CONEXIONES SIN TUBO DE MATERIAL PPR PARA CALENTADOR SOLAR ALTA PRESION,4332,174.2,754634.0,754634.4,754634.4,True
SET-KIT-CON-PPR-BP,CSA IMPORT,SET DE CONEXIONES SIN TUBO DE MATERIAL PPR PARA CALENTADOR SOLAR BAJA PRESION,4068,217.0,882756.0,882756.0,882756.0,False
SET-KIT-EMP-ACC-5,CSA IMPORT,SET DE 5 EMPAQUES BLANCOS PARA TERMOTANQUES DE BAJA PRESION,3131,6.8,21291.0,21290.8,21290.8,True
SET-KIT-ANI-ACC-5,CSA IMPORT,SET DE 5 ANILLO CUBREPOLVOS NEGRO PARA TUBO DE CALENTADOR SOLAR ALTA Y BAJA PRESION,10253,10.0,102530.0,102530.0,102530.0,False
ODA580-36V-MH,FOTOVOLTAICO,PANEL FOTOVOLTAICO MONOCRISTALINO MARCA OSDA SOLAR 580W,439,1165.7,511742.0,511742.3,511742.3,True
CAJA-SET-TUBOS-CMT,CSA IMPORT,kit de tubos de ppr para instalacion de calentadores de cmt,844,30.0,25320.0,25320.0,25320.0,False
HEMP-ELEC,DESCONTINUADO,Horno empotrable función electrica,2,,,,,False
HEMP-HIB,DESCONTINUADO,Horno empotrable función hibrida Gas y Electricidad,2,,,,,False
HEMP-LP,DESCONTINUADO,Horno empotrable función a gas LP,2,,,,,False
TPE-10,CSA IMPORT,TANQUE CALENTADOR SOLAR/PRESIÓN ERA 150 L 10 TUBOS,194,2717.5,527195.0,527195.0,527195.0,False
ODA590-36V-MH,FOTOVOLTAICO,PANEL FOTOVOLTAICO MONOCRISTALINO MARCA OSDA SOLAR 590W,3082,1161.3,3579127.0,3579126.6,3579126.6,True
BASE-1M,DESCONTINUADO,BASE PTR 1 M,182,1100.0,200200.0,200200.0,200200.0,False
BG-14E,CSA IMPORT,BASE CALENTADOR SOLAR/GRAVEDAD 14 TUBOS,98,256.5,25137.0,25137.0,25137.0,False
EC-180-60,LÍNEA HOGAR,CAMPANA PARED SLIM TOUCHLESS 60 cm,23,824.8,18970.0,18970.4,18970.4,True
EC-180-75,LÍNEA HOGAR,CAMPANA PARED SLIM TOUCHLESS 75 cm,89,867.3,77190.0,77189.7,77189.7,True
FILTRO-CAMPANA-CP,LÍNEA HOGAR,FILTRO DE CARBON ACTIVADO REFACCION PARA MODELOS CP,665,26.7,17756.0,17755.5,17755.5,True
SET-KIT-INST-PPR-AP,CSA IMPORT,SET DE INSTALACIÓN CONEXIONES MAS TUBO DE MATERIAL PPR PARA CALENTADOR SOLAR ALTA PRESION,2725,567.9,1547528.0,1547527.5,1547527.5,True
SET-KIT-INST-PPR-BP,CSA IMPORT,SET DE INSTALACIÓN CONEXIONES MAS TUBO DE MATERIAL PPR PARA CALENTADOR SOLAR BAJA PRESION,1104,676.8,747187.0,747187.2,747187.2,True
SET-KIT-5-SOP-TUB-PRE,CSA IMPORT,KIT DE 5 SOPORTES SUJETADORES NEGROS PARA CALENTADOR DE ALTA PRESIÓN,926,26.5,24539.0,24539.0,24539.0,False
TGM-14,CSA IMPORT,NO EXISTE EN NINGUNO,1,1200.0,1200.0,1200.0,1200.0,False
TPE-20,CSA IMPORT,TANQUE CALENTADOR SOLAR/PRESIÓN ERA 240 L 20 TUBOS,75,4000.0,300000.0,300000.0,300000.0,False
TUG-14-M,DESCONTINUADO,CAJA TUBOS CALENTADOR SOLAR/GRAVEDAD 14 PIEZAS,184,700.0,128800.0,128800.0,128800.0,False
PV-IN-5S50K3F-SL,FOTOVOLTAICO,INV RED SOLIS S5 50K 3F 220V CD,3,83549.6,250649.0,250648.8,250648.8,True
PV-INM-GLWF-SL,FOTOVOLTAICO,SOLIS WIFI GL-S (2.0,19,0.2,4.0,3.8,3.8,True
CAB-CD-1500V-10,FOTOVOLTAICO,Cable fotovoltaico Cal. 10 awg,83338,15.7,1308407.0,1308406.6,1308406.6,True
CAB-CD-1500V-12,FOTOVOLTAICO,CABLE FOTOVOLTAICO CD 1500 V 12 AWG,16840,10.2,171768.0,171768.0,171768.0,False
CAB-CD-1500V-8,FOTOVOLTAICO,CABLE FOTOVOLTAICO CD 1500 V 8 AWG,40000,25.2,1008000.0,1008000.0,1008000.0,False
CEI-5.3-BS,LÍNEA HOGAR,CALENTADOR ELECTRICO 220 V 5300 W,192,1629.9,312941.0,312940.8,312940.8,True
CNT-MC4-HYM-TIPO-Y,DESCONTINUADO,CONECTOR MC4 PARALELA HEMBRA Y MACHO TIPO Y,500,22.0,11000.0,11000.0,11000.0,False
CP-TELE-60,DESCONTINUADO,CAMPANA PARED TELESCOPICA TOUCHLESS 60 cm,97,1822.9,176821.0,176821.3,176821.3,True
CP-TELE-90,DESCONTINUADO,CAMPANA PARED TELESCOPICA TOUCHLESS 90 cm,68,1656.6,112649.0,112648.8,112648.8,True
FILTRO-CAMPANAS-EC,DESCONTINUADO,FILTRO DE CARBON ACTIVADO PARA CAMPANAS TIPO PARED SLIM MODELOS EC,346,30.2,10449.0,10449.2,10449.2,True
GAB-EXT-04,FOTOVOLTAICO,GABINETE IP65 PARA EXTERIORES 4 E,1000,77.5,77500.0,77500.0,77500.0,False
GAB-EXT-08,FOTOVOLTAICO,GABINETE IP65 PARA EXTERIORES 8 E,499,113.2,56487.0,56486.8,56486.8,True
GAB-EXT-12,FOTOVOLTAICO,GABINETE IP65 PARA EXTERIORES 12 E,1000,170.3,170300.0,170300.0,170300.0,False
GAB-EXT-18,FOTOVOLTAICO,GABINETE IP65 PARA EXTERIORES 18 E,500,290.6,145300.0,145300.0,145300.0,False
GAB-EXT-24,FOTOVOLTAICO,GABINETE IP65 PARA EXTERIORES 24 E,500,329.0,164500.0,164500.0,164500.0,False
GAB-EXT-36,FOTOVOLTAICO,GABINETE IP65 PARA EXTERIORES 36 E,500,754.9,377450.0,377450.0,377450.0,False
ODA590-BIFASIAL,FOTOVOLTAICO,PANEL FOTOVOLTAICO BIFASIAL MARCA OSDA SOLAR 590W,2954,1150.0,3397100.0,3397100.0,3397100.0,False
SET-ANI-ACC-10,CSA IMPORT,KIT DE ANILLOS CUBREPOLVOS PARA CALENTADOR SOLAR,2379,12.7,30213.0,30213.3,30213.3,True
SET-EMP-ACC-10,CSA IMPORT,KIT DE EMPAQUES BLANCOS PARA CALENTADOR SOLAR,2379,22.1,52576.0,52575.9,52575.9,True
SET-MAN-PRE-10-12,CSA IMPORT,KIT DE MANTENIMIENTO CALENTADOR ALTA PRESIÓN 10 Y 12 TUBOS,920,375.2,345184.0,345184.0,345184.0,False
SET-MAN-PRE-20-26,CSA IMPORT,KIT DE MANTENIMIENTO CALENTADOR ALTA PRESIÓN 20 Y 26 TUBOS,919,375.2,344809.0,344808.8,344808.8,True
SET-2V-CHP,CSA IMPORT,KIT DE VALVULA DE ALIVIO Y ANTIVACIO,1292,297.8,384758.0,384757.6,384757.6,True
CAJA-CONEC-BIF590,FOTOVOLTAICO,Caja de conexión para paenel bifasial de 590W,5939,70.3,417512.0,417511.7,417511.7,True
SET-MAN-GRA-10,CSA IMPORT,KIT DE MANTENIMIENTO CALENTADOR BAJA PRESIÓN 10 TUBOS,915,64.1,58652.0,58651.5,58651.5,True
SET-MAN-GRA-12,CSA IMPORT,KIT DE MANTENIMIENTO CALENTADOR BAJA PRESIÓN 12 TUBOS,925,68.0,62900.0,62900.0,62900.0,False
SET-MAN-GRA-15,CSA IMPORT,KIT DE MANTENIMIENTO CALENTADOR BAJA PRESIÓN 15 TUBOS,912,73.8,67306.0,67305.6,67305.6,True
PV-ACC-SWL-GRW,FOTOVOLTAICO,Antena para monitoreo de inversores,12,723.2,8678.0,8678.4,8678.4,True
PV-IN-5S50K3F4-SL,FOTOVOLTAICO,"Inversor de corriente marca SOLIS con potencia nominal de 50 kW para interconexión, para 480 VCA.",1,52005.8,52006.0,52005.8,52005.8,True
S5-GC50K-LV,DESCONTINUADO,INVERSOR SOLIS S5 50K 3F 220V CD,3,83549.6,250649.0,250648.8,250648.8,True
S5-GC60K-HV,DESCONTINUADO,INVERSOR SOLIS S5 60K 3F  480V CD,3,49820.0,149460.0,149460.0,149460.0,False
S5-GC60K-LV,DESCONTINUADO,INVERSOR SOLIS S5 60K 3F 220V CD,2,89304.6,178609.0,178609.2,178609.2,True
LLAVE-MC4-FV-DESC,DESCONTINUADO,Spanner for 1500V MC4 connector PV BN101-A,300,27.0,8100.0,8100.0,8100.0,False
ODA620-BIFASIAL,FOTOVOLTAICO,PANEL FOTOVOLTAICO BIFASIAL MARCA OSDA SOLAR 620W,5920,1079.4,6390048.0,6390048.0,6390048.0,False
PV-IN-LAN-SL,FOTOVOLTAICO,ANTENA DE MONITOREO LAN 4 PINES,17,431.0,7327.0,7327.0,7327.0,False
TUG-01-M,DESCONTINUADO,TUBO CALENTADOR SOLAR/GRAVEDAD,2,323.2,646.0,646.4,646.4,True
CAJA-CONEC-BIF620,FOTOVOLTAICO,Caja de conexión para paenel bifasial de 620W,8620,61.2,527544.0,527544.0,527544.0,False
CAJA-HERR-FV,FOTOVOLTAICO,CAJA DE HERRAMIENTAS FOTOVOLTAICAS,100,851.0,85100.0,85100.0,85100.0,False
BP-12,DESCONTINUADO,BASE CALENTADOR SOLAR/PRESIÓN 150 L 12 TUBOS,412,282.9,116555.0,116554.8,116554.8,True
PCPE-150,DESCONTINUADO,PANEL CALENTADOR SOLAR/PRESIÓN CAMA PLANA 150 L,77,1970.6,151736.0,151736.2,151736.2,True
TGC-10,DESCONTINUADO,TANQUE CALENTADOR SOLAR/GRAVEDAD 75mm 100 L 10 TUBOS,2,1050.2,2100.0,2100.4,2100.4,True
TGC-12,DESCONTINUADO,TANQUE CALENTADOR SOLAR/GRAVEDAD 75mm 120L 12 TUBOS,4,1155.6,4622.0,4622.4,4622.4,True
TGC-15,DESCONTINUADO,TANQUE CALENTADOR SOLAR/GRAVEDAD 75mm 150L 15 TUBOS,5,1364.5,6823.0,6822.5,6822.5,True
TGC-18,DESCONTINUADO,TANQUE CALENTADOR SOLAR/GRAVEDAD 180L 18 TUBOS,2,1493.6,2987.0,2987.2,2987.2,True
TGC-20,DESCONTINUADO,TANQUE CALENTADOR SOLAR/GRAVEDAD 200L 20 TUBOS,2,1666.6,3333.0,3333.2,3333.2,True
TGE-10,DESCONTINUADO,TANQUE CALENTADOR SOLAR/GRAVEDAD ERA 100 L 10 TUBOS,44,1141.3,50217.0,50217.2,50217.2,True
TGE-12,DESCONTINUADO,TANQUE CALENTADOR SOLAR/GRAVEDAD ERA 120 L 12 TUBOS,12,1267.9,15215.0,15214.8,15214.8,True
TGE-15,DESCONTINUADO,TANQUE CALENTADOR SOLAR/GRAVEDAD ERA 150 L 15 TUBOS,299,1424.7,425985.0,425985.3,425985.3,True
TGE-18,DESCONTINUADO,TANQUE CALENTADOR SOLAR/GRAVEDAD ERA 180 L 18 TUBOS,83,1617.9,134286.0,134285.7,134285.7,True
TGE-24,DESCONTINUADO,TANQUE CALENTADOR SOLAR/GRAVEDAD ERA 240 L 24 TUBOS,20,1895.2,37904.0,37904.0,37904.0,False
TGE-30,DESCONTINUADO,TANQUE CALENTADOR SOLAR/GRAVEDAD ERA 300 L 30 TUBOS,7,2377.8,16645.0,16644.6,16644.6,True
TGL-24,DESCONTINUADO,TANQUE DE GRAVEDAD DE 240 LITROS MARCA LEFRANSOL,2,2607.6,5215.0,5215.2,5215.2,True
TGR-07,DESCONTINUADO,TANQUE CALENTADOR SOLAR/GRAVEDAD RAYSOL 80 L 7 TUBOS,20,700.0,14000.0,14000.0,14000.0,False
TGR-08,DESCONTINUADO,TANQUE CALENTADOR SOLAR/GRAVEDAD RAYSOL 80 L 8 TUBOS,4,1067.6,4270.0,4270.4,4270.4,True
TGR-10,DESCONTINUADO,TANQUE CALENTADOR SOLAR/GRAVEDAD RAYSOL 100 L 10 TUBOS,7,1141.3,7989.0,7989.1,7989.1,True
TGR-12,DESCONTINUADO,TANQUE CALENTADOR SOLAR/GRAVEDAD RAYSOL 120 L 12 TUBOS,10,1267.9,12679.0,12679.0,12679.0,False
TGR-15,DESCONTINUADO,TANQUE CALENTADOR SOLAR/GRAVEDAD RAYSOL 150 L 15 TUBOS,7,1424.7,9973.0,9972.9,9972.9,True
TGR-18,DESCONTINUADO,TANQUE CALENTADOR SOLAR/GRAVEDAD RAYSOL 180 L 18 TUBOS,13,1617.9,21033.0,21032.7,21032.7,True
TGR-20,DESCONTINUADO,TANQUE CALENTADOR SOLAR/GRAVEDAD RAYSOL 200 L 20 TUBOS,7,,,,,False
TGR-24,DESCONTINUADO,TANQUE CALENTADOR SOLAR/GRAVEDAD RAYSOL 240 L 24 TUBOS,2,1895.2,3790.0,3790.4,3790.4,True
TGR-30,DESCONTINUADO,TANQUE CALENTADOR SOLAR/GRAVEDAD RAYSOL 300 L 30 TUBOS,19,2175.6,41336.0,41336.4,41336.4,True
TGS-10,DESCONTINUADO,TANQUE CALENTADOR SOLAR/GRAVEDAD SOLUCIÓN 100L 10 TUBOS,3,1141.3,3424.0,3423.9,3423.9,True
TGS-12,DESCONTINUADO,TANQUE CALENTADOR SOLAR/GRAVEDAD SOLUCIÓN 120L 12 TUBOS,3,1267.9,3804.0,3803.7,3803.7,True
TGS-15,DESCONTINUADO,TANQUE CALENTADOR SOLAR/GRAVEDAD SOLUCIÓN 150L 15 TUBOS,29,1424.7,41316.0,41316.3,41316.3,True
TGS-18,DESCONTINUADO,TANQUE CALENTADOR SOLAR/GRAVEDAD SOLUCIÓN 180L 18 TUBOS,2,1617.9,3236.0,3235.8,3235.8,True
TGS-20,DESCONTINUADO,TANQUE CALENTADOR SOLAR/GRAVEDAD SOLUCIÓN 200L 20 TUBOS,3,,,,,False
TGS-24,DESCONTINUADO,TANQUE CALENTADOR SOLAR/GRAVEDAD SOLUCIÓN 240L 24 TUBOS,3,1895.2,5686.0,5685.6,5685.6,True
TGS-30,DESCONTINUADO,TANQUE CALENTADOR SOLAR/GRAVEDAD SOLUCIÓN 300L 30 TUBOS,1,2377.8,2378.0,2377.8,2377.8,True
TPE-10,DESCONTINUADO,TANQUE CALENTADOR SOLAR/PRESIÓN ERA 150 L 10 TUBOS,39,2600.5,101420.0,101419.5,101419.5,True
TPE-12,DESCONTINUADO,TANQUE CALENTADOR SOLAR/PRESIÓN ERA 150 L 12 TUBOS,166,2661.7,441842.0,441842.2,441842.2,True
TPE-20,DESCONTINUADO,TANQUE CALENTADOR SOLAR/PRESIÓN ERA 240 L 20 TUBOS,54,4288.7,231590.0,231589.8,231589.8,True
TPE-26,DESCONTINUADO,TANQUE CALENTADOR SOLAR/PRESIÓN ERA 300 L 26 TUBOS,83,5080.7,421698.0,421698.1,421698.1,True
TPM-20,DESCONTINUADO,TANQUE CALENTADOR SOLAR/PRESIÓN CMT 240L 20 TUBOS,1,,,,,False
TPR-12,DESCONTINUADO,TANQUE CALENTADOR SOLAR/PRESIÓN RAYSOL 150 L 12 TUBOS,141,2661.7,375300.0,375299.7,375299.7,True
TPR-20,DESCONTINUADO,TANQUE CALENTADOR SOLAR/PRESIÓN RAYSOL 240 L 20 TUBOS,1,4288.7,4289.0,4288.7,4288.7,True
TPR-26,DESCONTINUADO,TANQUE CALENTADOR SOLAR/PRESIÓN RAYSOL 300 L 26 TUBOS,7,5080.7,35565.0,35564.9,35564.9,True
TXL-10,DESCONTINUADO,TANQUE CALENTADOR SOLAR/GRAVEDAD SOLUCIÓN 120L 10TUBOS,5,1617.0,8085.0,8085.0,8085.0,False
AC-CAR-EXT-08,MATERIA PRIMA,CARCAZA DE ACERO TROQUELADA PARA TANQUE DE CALENTADOR SOLAR DE AGUA PARA TANQUE EXTERNO 8 TUBOS,1034,108.9,112603.0,112602.6,112602.6,True
AC-CAR-EXT-08-ERA,MATERIA PRIMA,CARCAZA DE ACERO TROQUELADA PARA TANQUE DE CALENTADOR SOLAR DE AGUA PARA TANQUE EXTERNO 8 TUBOS LOGO ERA,280,108.9,30492.0,30492.0,30492.0,False
AC-CAR-EXT-08-RAY,MATERIA PRIMA,CARCAZA DE ACERO TROQUELADA PARA TANQUE DE CALENTADOR SOLAR DE AGUA PARA TANQUE EXTERNO 8 TUBOS LOGO RAYSOL,700,108.9,76230.0,76230.0,76230.0,False
AC-CAR-EXT-10,MATERIA PRIMA,CARCAZA DE ACERO TROQUELADA PARA TANQUE DE CALENTADOR SOLAR DE AGUA PARA TANQUE EXTERNO 10 TUBOS,94,151.5,14241.0,14241.0,14241.0,False
AC-CAR-EXT-10-ERA,MATERIA PRIMA,CARCAZA DE ACERO TROQUELADA PARA TANQUE DE CALENTADOR SOLAR DE AGUA PARA TANQUE EXTERNO 10 TUBOS LOGO ERA,0,152.4,0.0,0.0,0.0,False
AC-CAR-EXT-10-RAY,MATERIA PRIMA,CARCAZA DE ACERO TROQUELADA PARA TANQUE DE CALENTADOR SOLAR DE AGUA PARA TANQUE EXTERNO 10 TUBOS LOGO RAYSOL,968,152.4,147523.0,147523.2,147523.2,True
AC-CAR-EXT-12,MATERIA PRIMA,CARCAZA DE ACERO TROQUELADA PARA TANQUE DE CALENTADOR SOLAR DE AGUA PARA TANQUE EXTERNO 12 TUBOS,4410,173.4,764694.0,764694.0,764694.0,False
AC-CAR-EXT-12-ERA,MATERIA PRIMA,CARCAZA DE ACERO TROQUELADA PARA TANQUE DE CALENTADOR SOLAR DE AGUA PARA TANQUE EXTERNO 12 TUBOS LOGO ERA,400,199.3,79720.0,79720.0,79720.0,False
AC-CAR-EXT-12-RAY,MATERIA PRIMA,CARCAZA DE ACERO TROQUELADA PARA TANQUE DE CALENTADOR SOLAR DE AGUA PARA TANQUE EXTERNO 12 TUBOS LOGO RAYSOL,1308,162.2,212158.0,212157.6,212157.6,True
AC-CAR-EXT-15,MATERIA PRIMA,CARCAZA DE ACERO TROQUELADA PARA TANQUE DE CALENTADOR SOLAR DE AGUA PARA TANQUE EXTERNO 15 TUBOS,4675,196.5,918638.0,918637.5,918637.5,True
AC-CAR-EXT-15-ERA,MATERIA PRIMA,CARCAZA DE ACERO TROQUELADA PARA TANQUE DE CALENTADOR SOLAR DE AGUA PARA TANQUE EXTERNO 15 TUBOS LOGO ERA,100,228.2,22820.0,22820.0,22820.0,False
AC-CAR-EXT-15-RAY,MATERIA PRIMA,CARCAZA DE ACERO TROQUELADA PARA TANQUE DE CALENTADOR SOLAR DE AGUA PARA TANQUE EXTERNO 15 TUBOS LOGO RAYSOL,867,192.2,166637.0,166637.4,166637.4,True
AC-CAR-EXT-18,MATERIA PRIMA,CARCAZA DE ACERO TROQUELADA PARA TANQUE DE CALENTADOR SOLAR DE AGUA PARA TANQUE EXTERNO 18 TUBOS,134,267.8,35885.0,35885.2,35885.2,True
AC-CAR-INT-08,MATERIA PRIMA,CARCAZA DE ACERO TROQUELADA PARA TANQUE DE CALENTADOR SOLAR DE AGUA PARA TANQUE INTERNO 8 TUBOS,359,149.3,53599.0,53598.7,53598.7,True
AC-CAR-INT-10,MATERIA PRIMA,CARCAZA DE ACERO TROQUELADA PARA TANQUE DE CALENTADOR SOLAR DE AGUA PARA TANQUE INTERNO 10 TUBOS,2107,185.7,391270.0,391269.9,391269.9,True
AC-CAR-INT-12,MATERIA PRIMA,CARCAZA DE ACERO TROQUELADA PARA TANQUE DE CALENTADOR SOLAR DE AGUA PARA TANQUE INTERNO 12 TUBOS,8305,217.9,1809660.0,1809659.5,1809659.5,True
AC-CAR-INT-15,MATERIA PRIMA,CARCAZA DE ACERO TROQUELADA PARA TANQUE DE CALENTADOR SOLAR DE AGUA PARA TANQUE INTERNO 15 TUBOS,6484,266.3,1726689.0,1726689.2,1726689.2,True
AC-CAR-INT-18,MATERIA PRIMA,CARCAZA DE ACERO TROQUELADA PARA TANQUE DE CALENTADOR SOLAR DE AGUA PARA TANQUE INTERNO 18 TUBOS,350,314.8,110180.0,110180.0,110180.0,False
ACE-AIS-DESMOL,MATERIA PRIMA,ACEITE DESMOLDANTE,0,86.2,0.0,0.0,0.0,False
AC-EXT-430-BA-29,MATERIA PRIMA,AC-EXT-430-BA-29,0,51.2,0.0,0.0,0.0,False
AC-EXT-PIN-B-0.46X1220-AP,MATERIA PRIMA,ACERO EXTERNO PINTRO GRADO A DE 0.46 MM DE ESPESOR POR 1200 MM DE ANCHO COLOR BLANCO (BOBINA),0,35.6,0.0,0.0,0.0,False
AC-INT-304-2B-0.35,MATERIA PRIMA,ACERO INOXIDABLE SUS304 TERMINADO 2B PARA TANQUE INTERNO DE 0.5 mm,0,,,,,False
AC-INT-441-2B-28,MATERIA PRIMA,Lamina de acero inoxidable 441 2B Calibre 28 (.41MM) DE 1140 MM,0,72.9,0.0,0.0,0.0,False
AC-INT-441-2B-1-1319-AP,MATERIA PRIMA,Lámina de acero inoxidable 441 1.2mm de espesor,3995,80.2,320375.0,320399.0,320399.0,True
ANI-ABS-36-A-AF-AP,MATERIA PRIMA,Anillo decorativo PVC de 36 mm de diametro interno 56 mm de diametro externo azul (niple 3/4),2306,0.3,692.0,691.8,691.8,True
ANI-ABS-36-R-AC-AP,MATERIA PRIMA,Anillo decorativo ABS de 36 mm de diametro interno 56 mm de diametro externo rojo (niple 3/4),1486,0.4,594.0,594.4,594.4,True
ANI-ABS-38-B-BM-AP,MATERIA PRIMA,"Anillo decorativo ABS de 38 mm de diametro interno 56 mm de diametro externo blanco (niple 1"")",3850,0.8,3080.0,3080.0,3080.0,False
ANI-ACC-PLA-58-AP,MATERIA PRIMA,Anillo cubrepolvos para tubo 58 mm para alta presión,0,0.4,0.0,0.0,0.0,False
ANI-EXT-PLA-3/4-N,MATERIA PRIMA,Anillo cubre polvos 26 mm   3/4 Macho negro,34187,0.8,27350.0,27349.6,27349.6,True
ANI-EXT-PLA-3/4-AZUL,MATERIA PRIMA,Anillo cubre polvo de 26 mm 3/4 Macho Azul,17049,0.8,13639.0,13639.2,13639.2,True
ANI-EXT-PLA-3/4-R,MATERIA PRIMA,Anillo cubre polvo de 26 mm 3/4 Macho Rojo,17400,0.8,13920.0,13920.0,13920.0,False
ANI-HEX-SIL-1/2X22-AP,MATERIA PRIMA,ANILLO CUBREPOLVOS HEXAGONAL BLANCO PARA CALENTADOR DE ALTA PRESIÓN,18207,,,,,False
ANI-INY-SIL-66,MATERIA PRIMA,Empaque de silicón para inyección,5651,1.1,6216.0,6216.1,6216.1,True
ANI-PLA-1/2-N-AP,MATERIA PRIMA,"Anillo de silicon 1/2"" negro para alta presion para valvula antivacío",8045,1.2,9654.0,9654.0,9654.0,False
ANI-PLA-3/4-N-AP,MATERIA PRIMA,"Anillo de silicon 3/4"" negro para alta presion para valvula antivacío",14872,1.7,25282.0,25282.4,25282.4,True
ANI-PVC-3/4-T-AP,MATERIA PRIMA,"ANILLO CUBREPOLVOS 3/4"" TRANSPARENTE",5529,1.7,9399.0,9399.3,9399.3,True
BAR-INT-M-3/4X300,MATERIA PRIMA,"BARRA DE MAGNESIO ROSCA 3/4"" X 300 mm LARGO",21830,26.5,578495.0,578495.0,578495.0,False
BAR-INT-M-3/4X200,MATERIA PRIMA,Barra de Magnesio 3/4 Macho de 20 cm,9600,29.1,279360.0,279360.0,279360.0,False
BAR-M-1X360-AP,MATERIA PRIMA,"BARRA DE MAGNESIO ROSCA 1"" X 300 mm LARGO",4978,55.1,274288.0,274287.8,274287.8,True
BAR-TUB,MATERIA PRIMA,BARRA DE MAGNESIO DE TUBO,7745,13.5,104558.0,104557.5,104557.5,True
BOL-EMP-PE,MATERIA PRIMA,Bolsa polietileno para empaque,0,,,,,False
CAJ-EMP-39-RAY-10-100,MATERIA PRIMA,Caja 39 LB/IN 4MK GR 10 100,570,61.0,34770.0,34770.0,34770.0,False
CAJ-EMP-39-RAY-12-120,MATERIA PRIMA,Caja 48 LB/IN 4MK GR 12 120,951,70.1,66665.0,66665.1,66665.1,True
CAJ-EMP-39-RAY-15-150,MATERIA PRIMA,Caja 48 LB/IN 4MK GR 15 150,741,77.1,57131.0,57131.1,57131.1,True
CAJ-EMP-39-GEN-10,MATERIA PRIMA,CAJA GENÉRICA SIN LOGO 39 LB/IN PARA TANQUE DE 10 TUBOS,0,66.3,0.0,0.0,0.0,False
CAJ-EMP-39-GEN-12,MATERIA PRIMA,CAJA GENÉRICA SIN LOGO 39 LB/IN PARA TANQUE DE 12 TUBOS,0,74.3,0.0,0.0,0.0,False
CAJ-EMP-39-GEN-15,MATERIA PRIMA,CAJA GENÉRICA SIN LOGO 39 LB/IN PARA TANQUE DE 15 TUBOS,0,100.0,0.0,0.0,0.0,False
CAJ-EMP-39-GEN-18,MATERIA PRIMA,CAJA GENÉRICA SIN LOGO 39 LB/IN PARA TANQUE DE 18 TUBOS,0,110.2,0.0,0.0,0.0,False
CAJ-EMP-39-GEN-08,MATERIA PRIMA,CAJA GENÉRICA SIN LOGO 39 LB/IN PARA TANQUE DE 8 TUBOS,0,60.0,0.0,0.0,0.0,False
CAJ-EMP-39-RAY-08-80,MATERIA PRIMA,Caja 39 LB/IN 4MK GR 08 80,0,62.1,0.0,0.0,0.0,False
CAJ-EMP-48-ERA-10-100,MATERIA PRIMA,Caja 48 LB/IN 4MK ST 10 100,760,82.4,62624.0,62624.0,62624.0,False
CAJ-EMP-48-ERA-12-120,MATERIA PRIMA,Caja 48 LB/IN 4MK ST 12 120,1044,95.4,99598.0,99597.6,99597.6,True
CAJ-EMP-48-ERA-15-150,MATERIA PRIMA,Caja 48 LB/IN 4MK ST 15 150,839,103.4,86753.0,86752.6,86752.6,True
CAJ-EMP-48-ERA-18-180,MATERIA PRIMA,Caja 48 LB/IN 4MK ST 18 180,58,107.7,6247.0,6246.6,6246.6,True
CAJ-EMP-48-TG-24-240,MATERIA PRIMA,CAJA 48 LB/IN 4 MK TG 24 240 SIN LOGO,22,163.4,3595.0,3594.8,3594.8,True
CAJ-EMP-48-TG-30-300,MATERIA PRIMA,Caja 48 LB/IN 4MK TG 30 300 SIN LOGO,36,215.5,7758.0,7758.0,7758.0,False
CAJ-EMP-48-RAY-18-180,MATERIA PRIMA,Caja 48 LB/IN 4MK GR 18 180,211,107.6,22704.0,22703.6,22703.6,True
CAJ-EMP-48-RAY-8-80,MATERIA PRIMA,CAJA 48 LB/IN 4MK GR 8-80,172,63.6,10939.0,10939.2,10939.2,True
CAJ-EMP-48-TG-20-200,MATERIA PRIMA,Caja 48 LB/IN 4MK TG 20 200 sin logo,85,117.1,9954.0,9953.5,9953.5,True
CAJ-EMP-ERA-10-150,MATERIA PRIMA,CAJA PARA EMBALAR ERA 10 TUBOS 150 LITROS PRESION,523,102.0,53346.0,53346.0,53346.0,False
CAJ-EMP-ERA-12-150,MATERIA PRIMA,CAJA PARA EMBALAR ERA 12 TUBOS 150 LITROS PRESION,578,104.4,60343.0,60343.2,60343.2,True
CAJ-EMP-GEN-KIT-AP,MATERIA PRIMA,"Caja para empaque genérico de válvula, tapón y pasta",0,3.3,0.0,0.0,0.0,False
CAS-INT-COB-75-AP,MATERIA PRIMA,CASQUILLO DE COBRE PARA CALENTADOR ALTA PRESIÓN,6352,7.8,49546.0,49545.6,49545.6,True
CIN-EMP,MATERIA PRIMA,Cinta adhesiva para empaque,665,48.2,32053.0,32053.0,32053.0,False
CIN-EMP-600,MATERIA PRIMA,Cinta adhesiva para empaque de 600m,1646,98.8,162625.0,162624.8,162624.8,True
CON-BOL-LIEN,MATERIA PRIMA,Bolsa tipo lienzo,1700,75.0,127478.0,127500.0,127500.0,True
CON-ROLL-TIN,MATERIA PRIMA,Coonsumible Rollo de Tinta,13,,,,,False
EMP-ACC-SIL-58,MATERIA PRIMA,EMPAQUE DE SILICON BLANCO PARA CALENTADOR DE BAJA PRESIÓN,191371,1.3,248782.0,248782.3,248782.3,True
GUI-INY-PRE,MATERIA PRIMA,GUIAS DE INYECCION PARA TANQUES DE ALTA PRESION,0,131.8,0.0,0.0,0.0,False
MDI-AIS,MATERIA PRIMA,MDI (Isocianato),24750,69.8,1727550.0,1727550.0,1727550.0,False
NI-1ROS-H-304-1/2X19-C-AP,MATERIA PRIMA,"NIPLE 1 ROSCA HEMBRA ACERO 304 DE 1/2"" X 19 MM",18737,8.5,159265.0,159264.5,159264.5,True
NI-1ROS-H-304-1/2X45-VA-AP,MATERIA PRIMA,"NIPLE 1 ROSCA HEMBRA ACERO 304 1/2"" X 45 MM",1600,9.7,15520.0,15520.0,15520.0,False
NI-1ROS-H-304-1X40-BM-AP,MATERIA PRIMA,"NIPLE 1 ROSCA HEMBRA ACERO 304 1"" X 40 MM",1515,15.4,23331.0,23331.0,23331.0,False
NI-1ROS-H-304-3/4X45-PT-AP,MATERIA PRIMA,"NIPLE 1 ROSCA HEMBRA ACERO 304 3/4"" X 45 MM",1554,14.9,23155.0,23154.6,23154.6,True
NI-1ROS-M-304-3/4X400-VAC-AP,MATERIA PRIMA,"NIPLE 1 ROSCA MACHO ACERO 304 3/4"" X 400  MM (VENA AGUA CALIENTE)",1411,18.1,25539.0,25539.1,25539.1,True
NI-1ROS-M-304-3/4X50-VAF-AP,MATERIA PRIMA,"NIPLE TAPON 1 ROSCA MACHO ACERO 304 3/4"" X 50 MM (VENA AGUA FRIA)",1542,7.3,11257.0,11256.6,11256.6,True
NI-2ROS-H-304-3/4X40-AC/AF-AP,MATERIA PRIMA,"NIPLE 2 ROSCAS HEMBRA ACERO 304 3/4"" X 40 MM",3091,14.1,43583.0,43583.1,43583.1,True
NI-INT-1ROS-H-3/4,MATERIA PRIMA,"Niples 3/4"" Hembra *70 rosca sencilla",62775,19.6,1230390.0,1230390.0,1230390.0,False
NI-INT-2ROS-H-3/4,MATERIA PRIMA,"Niples 3/4"" Hembra *70 rosca doble",0,24.3,0.0,0.0,0.0,False
OPR-COB-M-1/2-AP,MATERIA PRIMA,"TORNILLO OPRESOR DE 1/2"" DE COBRE",7801,7.9,61628.0,61627.9,61627.9,True
PAS-TER-100-AP,MATERIA PRIMA,Pasta térmica,1570,14.9,23393.0,23393.0,23393.0,False
PEL-EMP,MATERIA PRIMA,Pelicula Protectora tanque externo,1195,89.5,106953.0,106952.5,106952.5,True
PEL-EMP-P-1220-AP,MATERIA PRIMA,Película protectora electrostática con pegamento para alta presión ancho 1220,462,79.1,36544.0,36544.2,36544.2,True
POL-AIS,MATERIA PRIMA,Polyol,29260,47.7,1395702.0,1395702.0,1395702.0,False
SOP-SUJ-TUB-PRE-AP,MATERIA PRIMA,SOPORTE SUJETADOR DE TUBO NEGRO PARA ALTA PRESIÓN POR PIEZA,12367,2.6,32154.0,32154.2,32154.2,True
TAC-EXT-201-BA-0.31,MATERIA PRIMA,Tapa Tanque Exterior SS 201-BA 0.31mm,42655,36.1,1539846.0,1539845.5,1539845.5,True
TAC-EXT-201-BA-0.31-ERA,MATERIA PRIMA,Tapa Tanque Exterior SS 201-BA 0.31mm con diseño de logo de ERA,2104,39.9,83950.0,83949.6,83949.6,True
TAP-EXT-GAL-0.40X500-AP,MATERIA PRIMA,TAPA LATERAL EXTERIOR GAÑVANIZADA (PRESION),2916,34.4,100310.0,100310.4,100310.4,True
TAC-INT-304-2B-0.41,MATERIA PRIMA,Tapa Tanque interior SS 304-2B 0.41,35860,23.6,846296.0,846296.0,846296.0,False
TAP-INT-304-2B-1X420-AP,MATERIA PRIMA,TAPA INTERMNA SUS 304 1 MM (PRESION),406,111.1,45107.0,45106.6,45106.6,True
TIRA-U-08,MATERIA PRIMA,TIRA UNIÓN PARA TANQUE DE 08TUBOS,2330,8.0,18640.0,18640.0,18640.0,False
TIRA-U-10,MATERIA PRIMA,TIRA UNIÓN PARA TANQUE DE 10 TUBOS,3495,9.1,31805.0,31804.5,31804.5,True
TIRA-U-12,MATERIA PRIMA,TIRA UNIÓN PARA TANQUE DE 12 TUBOS,11306,9.1,102885.0,102884.6,102884.6,True
TIRA-U-15,MATERIA PRIMA,TIRA UNIÓN PARA TANQUE DE 15 TUBOS,9263,17.7,163955.0,163955.1,163955.1,True
TIRA-U-18,MATERIA PRIMA,TIRA UNIÓN PARA TANQUE DE 18 TUBOS,700,18.0,12600.0,12600.0,12600.0,False
TOR-EXT-CAJ,MATERIA PRIMA,Caja para Tornillo Conector para base,81240,1.8,146232.0,146232.0,146232.0,False
UNI-EMP-CEN,MATERIA PRIMA,"Soporte de Unicel P/Tanque ""Centro""",116280,1.9,220932.0,220932.0,220932.0,False
UNI-ORI-500-AP,MATERIA PRIMA,UNICEL LATERAL TANQUES DE PRESION,1193,3.9,4653.0,4652.7,4652.7,True
VAL-ANTVAC-AP,MATERIA PRIMA,"VALVULA ANTIVACIO 1/2"" ALTA PRESIÓN",0,92.4,0.0,0.0,0.0,False
VAL-PT-0.77-90C-AP,MATERIA PRIMA,"VALVULA DE ALIVIO DE PRESION Y TEMPERATURA 0.77 Mpa 90° 3/4"" ALTA PRESÓN",0,140.6,0.0,0.0,0.0,False
VA-TAP-COB-1/2-AP,MATERIA PRIMA,TAPA DE COBRE 1/2,12576,7.1,89290.0,89289.6,89289.6,True
AC-CAR-EXT-08-CMT-75,MATERIA PRIMA,CARCAZA DE ACERO TROQUELADA PARA TANQUE DE CALENTADOR SOLAR DE AGUA PARA TANQUE EXTERNO 8 TUBOS PARA CMT,1100,108.9,119790.0,119790.0,119790.0,False
AC-CAR-EXT-10-CMT-75,MATERIA PRIMA,CARCAZA DE ACERO TROQUELADA PARA TANQUE DE CALENTADOR SOLAR DE AGUA PARA TANQUE EXTERNO 10 PARA CMT,1121,151.5,169832.0,169831.5,169831.5,True
AC-CAR-EXT-12-CMT-75,MATERIA PRIMA,CARCAZA DE ACERO TROQUELADA PARA TANQUE DE CALENTADOR SOLAR DE AGUA PARA TANQUE EXTERNO 12 PARA CMT,161,173.4,27917.0,27917.4,27917.4,True
AC-CAR-EXT-15-CMT-75,MATERIA PRIMA,CARCAZA DE ACERO TROQUELADA PARA TANQUE DE CALENTADOR SOLAR DE AGUA PARA TANQUE EXTERNO 15 TUBOS PARA CMT,1459,196.5,286694.0,286693.5,286693.5,True
AC-CAR-INT-08-75,MATERIA PRIMA,CARCAZA DE ACERO TROQUELADA PARA TANQUE DE CALENTADOR SOLAR DE AGUA PARA TANQUE INTERNO 8 TUBOS PARA CMT,1153,149.3,172143.0,172142.9,172142.9,True
AC-CAR-INT-10-75,MATERIA PRIMA,CARCAZA DE ACERO TROQUELADA PARA TANQUE DE CALENTADOR SOLAR DE AGUA PARA TANQUE INTERNO 10 TUBOS CMT,1474,185.7,273722.0,273721.8,273721.8,True
AC-CAR-INT-12-75,MATERIA PRIMA,CARCAZA DE ACERO TROQUELADA PARA TANQUE DE CALENTADOR SOLAR DE AGUA PARA TANQUE INTERNO 12 TUBOS CMT,300,217.9,65370.0,65370.0,65370.0,False
AC-CAR-INT-15-75,MATERIA PRIMA,CARCAZA DE ACERO TROQUELADA PARA TANQUE DE CALENTADOR SOLAR DE AGUA PARA TANQUE INTERNO 15 TUBOS CMT,400,266.3,106520.0,106520.0,106520.0,False
ANI-ACC-PLA-58,MATERIA PRIMA,ANILLO CUBREPOLVOS NEGRO PARA CALENTADOR SOLAR DE BAJA Y ALTA PRESIÓN,166829,0.4,66732.0,66731.6,66731.6,True
TIRA-U-08-CMT,MATERIA PRIMA,TIRA UNIÓN PARA TANQUE DE 08TUBOS CMT,1300,8.0,10400.0,10400.0,10400.0,False
TIRA-U-10-CMT,MATERIA PRIMA,TIRA UNIÓN PARA TANQUE DE 10 TUBOS CMT,1316,9.1,11976.0,11975.6,11975.6,True
TIRA-U-12-CMT,MATERIA PRIMA,TIRA UNIÓN PARA TANQUE DE 12 TUBOS CMT,1697,9.1,15443.0,15442.7,15442.7,True
TIRA-U-15-CMT,MATERIA PRIMA,TIRA UNIÓN PARA TANQUE DE 15 TUBOS CMT,1484,17.7,26267.0,26266.8,26266.8,True
AC-CAR-INT-10,MATERIA PRIMA,CARCAZA DE ACERO TROQUELADA PARA TANQUE DE CALENTADOR SOLAR DE AGUA PARA TANQUE INTERNO 10 TUBOS,100,185.7,18570.0,18570.0,18570.0,False
AC-CAR-INT-12,MATERIA PRIMA,CARCAZA DE ACERO TROQUELADA PARA TANQUE DE CALENTADOR SOLAR DE AGUA PARA TANQUE INTERNO 12 TUBOS,100,217.9,21790.0,21790.0,21790.0,False
AC-CAR-INT-15,MATERIA PRIMA,CARCAZA DE ACERO TROQUELADA PARA TANQUE DE CALENTADOR SOLAR DE AGUA PARA TANQUE INTERNO 15 TUBOS,25,266.3,6658.0,6657.5,6657.5,True
ACE-AIS-DESMOL,MATERIA PRIMA,ACEITE DESMOLDANTE,88,86.2,7586.0,7585.6,7585.6,True
AC-EXT-430-BA-29,MATERIA PRIMA,AC-EXT-430-BA-29,3198,51.2,163728.0,163737.6,163737.6,True
AC-EXT-PIN-B-0.46X1220-AP,MATERIA PRIMA,ACERO EXTERNO PINTRO GRADO A DE 0.46 MM DE ESPESOR POR 1200 MM DE ANCHO COLOR BLANCO (BOBINA),278,35.6,9895.0,9896.8,9896.8,True
AC-INT-441-2B-1-1319-AP,MATERIA PRIMA,Lámina de acero inoxidable 441 1.2mm de espesor,1631,80.2,130803.0,130806.2,130806.2,True
AC-INT-441-2B-28,MATERIA PRIMA,Lamina de acero inoxidable 441 2B Calibre 28 (.41MM) DE 1140 MM,427,72.9,31106.0,31128.3,31128.3,True
ANI-ABS-36-A-AF-AP,MATERIA PRIMA,Anillo decorativo PVC de 36 mm de diametro interno 56 mm de diametro externo azul (niple 3/4),189,0.3,57.0,56.7,56.7,True
ANI-ABS-36-R-AC-AP,MATERIA PRIMA,Anillo decorativo ABS de 36 mm de diametro interno 56 mm de diametro externo rojo (niple 3/4),191,0.4,76.0,76.4,76.4,True
ANI-ABS-38-B-BM-AP,MATERIA PRIMA,"Anillo decorativo ABS de 38 mm de diametro interno 56 mm de diametro externo blanco (niple 1"")",150,0.8,120.0,120.0,120.0,False
ANI-ACC-PLA-58-AP,MATERIA PRIMA,Anillo cubrepolvos para tubo 58 mm para alta presión,6734,1.0,6734.0,6734.0,6734.0,False
ANI-EXT-PLA-3/4-N,MATERIA PRIMA,Anillo cubre polvos 26 mm   3/4 Macho negro,953,0.8,762.0,762.4,762.4,True
ANI-EXT-PLA-3/4-AZUL,MATERIA PRIMA,Anillo cubre polvo de 26 mm 3/4 Macho Azul,435,0.8,348.0,348.0,348.0,False
ANI-EXT-PLA-3/4-N,MATERIA PRIMA,Anillo cubre polvos 26 mm   3/4 Macho negro,291,0.8,233.0,232.8,232.8,True
ANI-EXT-PLA-3/4-R,MATERIA PRIMA,Anillo cubre polvo de 26 mm 3/4 Macho Rojo,430,0.8,344.0,344.0,344.0,False
ANI-PVC-3/4-T-AP,MATERIA PRIMA,"ANILLO CUBREPOLVOS 3/4"" TRANSPARENTE",410,1.7,697.0,697.0,697.0,False
BAR-INT-M-3/4X300,MATERIA PRIMA,"BARRA DE MAGNESIO ROSCA 3/4"" X 300 mm LARGO",118,31.8,3752.0,3752.4,3752.4,True
CAJ-EMP-39-RAY-12-120,MATERIA PRIMA,Caja 48 LB/IN 4MK GR 12 120,1,70.1,70.0,70.1,70.1,True
CAJ-EMP-39-RAY-15-150,MATERIA PRIMA,Caja 48 LB/IN 4MK GR 15 150,10,77.1,771.0,771.0,771.0,False
CAJ-EMP-39-GEN-10,MATERIA PRIMA,CAJA GENÉRICA SIN LOGO 39 LB/IN PARA TANQUE DE 10 TUBOS,100,66.3,6630.0,6630.0,6630.0,False
CAJ-EMP-39-GEN-12,MATERIA PRIMA,CAJA GENÉRICA SIN LOGO 39 LB/IN PARA TANQUE DE 12 TUBOS,100,74.3,7430.0,7430.0,7430.0,False
CAJ-EMP-39-GEN-15,MATERIA PRIMA,CAJA GENÉRICA SIN LOGO 39 LB/IN PARA TANQUE DE 15 TUBOS,9,100.0,900.0,900.0,900.0,False
CAJ-EMP-39-GEN-18,MATERIA PRIMA,CAJA GENÉRICA SIN LOGO 39 LB/IN PARA TANQUE DE 18 TUBOS,20,110.2,2204.0,2204.0,2204.0,False
CAJ-EMP-39-RAY-12-120,MATERIA PRIMA,Caja 48 LB/IN 4MK GR 12 120,110,70.1,7711.0,7711.0,7711.0,False
CAJ-EMP-39-RAY-10-100,MATERIA PRIMA,Caja 39 LB/IN 4MK GR 10 100,6,61.0,366.0,366.0,366.0,False
CAJ-EMP-39-RAY-15-150,MATERIA PRIMA,Caja 48 LB/IN 4MK GR 15 150,15,77.1,1157.0,1156.5,1156.5,True
CAJ-EMP-39-RAY-08-80,MATERIA PRIMA,Caja 39 LB/IN 4MK GR 08 80,2,62.1,124.0,124.2,124.2,True
CAJ-EMP-48-ERA-12-120,MATERIA PRIMA,Caja 48 LB/IN 4MK ST 12 120,36,95.4,3434.0,3434.4,3434.4,True
CAJ-EMP-48-ERA-15-150,MATERIA PRIMA,Caja 48 LB/IN 4MK ST 15 150,65,103.4,6721.0,6721.0,6721.0,False
CAJ-EMP-48-ERA-18-180,MATERIA PRIMA,Caja 48 LB/IN 4MK ST 18 180,20,107.7,2154.0,2154.0,2154.0,False
CAJ-EMP-48-RAY-8-80,MATERIA PRIMA,CAJA 48 LB/IN 4MK GR 8-80,4,63.6,254.0,254.4,254.4,True
CAJ-EMP-GEN-KIT-AP,MATERIA PRIMA,"Caja para empaque genérico de válvula, tapón y pasta",56,3.3,185.0,184.8,184.8,True
CAJ-EMP-ERA-10-150,MATERIA PRIMA,CAJA PARA EMBALAR ERA 10 TUBOS 150 LITROS PRESION,11,102.0,1122.0,1122.0,1122.0,False
CAJ-EMP-ERA-12-150,MATERIA PRIMA,CAJA PARA EMBALAR ERA 12 TUBOS 150 LITROS PRESION,69,104.4,7204.0,7203.6,7203.6,True
CAS-INT-COB-75-AP,MATERIA PRIMA,CASQUILLO DE COBRE PARA CALENTADOR ALTA PRESIÓN,1000,1.0,1000.0,1000.0,1000.0,False
CIN-EMP,MATERIA PRIMA,Cinta adhesiva para empaque,6,208.8,1253.0,1252.8,1252.8,True
CIN-EMP-600,MATERIA PRIMA,Cinta adhesiva para empaque de 600m,20,98.8,1976.0,1976.0,1976.0,False
CON-BOL-LIEN,MATERIA PRIMA,Bolsa tipo lienzo,40,75.0,3000.0,3000.0,3000.0,False
EMP-ACC-SIL-58,MATERIA PRIMA,EMPAQUE DE SILICON BLANCO PARA CALENTADOR DE BAJA PRESIÓN,5000,1.1,5500.0,5500.0,5500.0,False
ETI-EMP-ERA,MATERIA PRIMA,ETIQUETA PARA TERMOTANQUE MARCA ERA,4526,1.0,4526.0,4526.0,4526.0,False
ETI-EMP-ERA,MATERIA PRIMA,ETIQUETA PARA TERMOTANQUE MARCA ERA,726,1.0,726.0,726.0,726.0,False
ETI-EMP-ERA,MATERIA PRIMA,ETIQUETA PARA TERMOTANQUE MARCA ERA,414,1.0,414.0,414.0,414.0,False
ETI-EMP-ERA,MATERIA PRIMA,ETIQUETA PARA TERMOTANQUE MARCA ERA,910,1.0,910.0,910.0,910.0,False
ETI-EMP-ERA,MATERIA PRIMA,ETIQUETA PARA TERMOTANQUE MARCA ERA,747,1.0,747.0,747.0,747.0,False
ETI-EMP-ERA,MATERIA PRIMA,ETIQUETA PARA TERMOTANQUE MARCA ERA,807,1.0,807.0,807.0,807.0,False
ETI-EMP-ERA,MATERIA PRIMA,ETIQUETA PARA TERMOTANQUE MARCA ERA,1111,1.0,1111.0,1111.0,1111.0,False
ETI-EMP-ERA,MATERIA PRIMA,ETIQUETA PARA TERMOTANQUE MARCA ERA,939,1.0,939.0,939.0,939.0,False
ETI-EMP-ERA,MATERIA PRIMA,ETIQUETA PARA TERMOTANQUE MARCA ERA,1265,1.0,1265.0,1265.0,1265.0,False
ETI-EMP-ERA,MATERIA PRIMA,ETIQUETA PARA TERMOTANQUE MARCA ERA,3320,1.0,3320.0,3320.0,3320.0,False
ETI-EMP-ERA,MATERIA PRIMA,ETIQUETA PARA TERMOTANQUE MARCA ERA,1000,1.0,1000.0,1000.0,1000.0,False
ETI-EMP-ERA,MATERIA PRIMA,ETIQUETA PARA TERMOTANQUE MARCA ERA,1956,1.0,1956.0,1956.0,1956.0,False
ETI-EMP-ERA,MATERIA PRIMA,ETIQUETA PARA TERMOTANQUE MARCA ERA,2306,1.0,2306.0,2306.0,2306.0,False
ETI-EMP-ERA,MATERIA PRIMA,ETIQUETA PARA TERMOTANQUE MARCA ERA,324,1.0,324.0,324.0,324.0,False
ETI-EMP-ERA,MATERIA PRIMA,ETIQUETA PARA TERMOTANQUE MARCA ERA,523,1.0,523.0,523.0,523.0,False
ETI-EMP-ERA,MATERIA PRIMA,ETIQUETA PARA TERMOTANQUE MARCA ERA,730,1.0,730.0,730.0,730.0,False
ETI-EMP-ERA,MATERIA PRIMA,ETIQUETA PARA TERMOTANQUE MARCA ERA,896,1.0,896.0,896.0,896.0,False
ETI-EMP-ERA,MATERIA PRIMA,ETIQUETA PARA TERMOTANQUE MARCA ERA,689,1.0,689.0,689.0,689.0,False
ETI-EMP-ERA,MATERIA PRIMA,ETIQUETA PARA TERMOTANQUE MARCA ERA,1303,1.0,1303.0,1303.0,1303.0,False
ETI-EMP-ERA,MATERIA PRIMA,ETIQUETA PARA TERMOTANQUE MARCA ERA,1117,1.0,1117.0,1117.0,1117.0,False
ETI-EMP-ERA,MATERIA PRIMA,ETIQUETA PARA TERMOTANQUE MARCA ERA,963,1.0,963.0,963.0,963.0,False
ETI-EMP-ERA,MATERIA PRIMA,ETIQUETA PARA TERMOTANQUE MARCA ERA,170,1.0,170.0,170.0,170.0,False
ETI-EMP-ERA,MATERIA PRIMA,ETIQUETA PARA TERMOTANQUE MARCA ERA,300,1.0,300.0,300.0,300.0,False
LOGO-TANQUE,MATERIA PRIMA,LOGOTIPO PARA TANQUE,4214,15.1,63631.0,63631.4,63631.4,True
LOGO-TANQUE,MATERIA PRIMA,LOGOTIPO PARA TANQUE,9413,15.1,142136.0,142136.3,142136.3,True
LOGO-TANQUE,MATERIA PRIMA,LOGOTIPO PARA TANQUE,917,15.1,13847.0,13846.7,13846.7,True
MAN-ACC-GER,MATERIA PRIMA,Manual del usuario Tanques Gravedad ERA,3559,5.2,18507.0,18506.8,18506.8,True
MAN-ACC-GEN,MATERIA PRIMA,Manual de usuario tanque de gravedad GENÉRICO,825,6.5,5363.0,5362.5,5362.5,True
MAN-ACC-GEN,MATERIA PRIMA,Manual de usuario tanque de gravedad GENÉRICO,1770,6.5,11505.0,11505.0,11505.0,False
MAN-ACC-GEN,MATERIA PRIMA,Manual de usuario tanque de gravedad GENÉRICO,2921,6.5,18987.0,18986.5,18986.5,True
MAN-ACC-GEN,MATERIA PRIMA,Manual de usuario tanque de gravedad GENÉRICO,882,6.5,5733.0,5733.0,5733.0,False
MDI-AIS,MATERIA PRIMA,MDI (Isocianato),1000,69.8,69800.0,69800.0,69800.0,False
NI-1ROS-H-304-1/2X19-C-AP,MATERIA PRIMA,"NIPLE 1 ROSCA HEMBRA ACERO 304 DE 1/2"" X 19 MM",1243,8.5,10566.0,10565.5,10565.5,True
NI-1ROS-H-304-1/2X45-VA-AP,MATERIA PRIMA,"NIPLE 1 ROSCA HEMBRA ACERO 304 1/2"" X 45 MM",131,9.7,1271.0,1270.7,1270.7,True
NI-1ROS-H-304-1X40-BM-AP,MATERIA PRIMA,"NIPLE 1 ROSCA HEMBRA ACERO 304 1"" X 40 MM",108,15.4,1663.0,1663.2,1663.2,True
NI-1ROS-H-304-3/4X45-PT-AP,MATERIA PRIMA,"NIPLE 1 ROSCA HEMBRA ACERO 304 3/4"" X 45 MM",109,14.9,1624.0,1624.1,1624.1,True
NI-1ROS-M-304-3/4X400-VAC-AP,MATERIA PRIMA,"NIPLE 1 ROSCA MACHO ACERO 304 3/4"" X 400  MM (VENA AGUA CALIENTE)",121,18.1,2190.0,2190.1,2190.1,True
NI-2ROS-H-304-3/4X40-AC/AF-AP,MATERIA PRIMA,"NIPLE 2 ROSCAS HEMBRA ACERO 304 3/4"" X 40 MM",196,14.1,2764.0,2763.6,2763.6,True
NI-INT-1ROS-H-3/4,MATERIA PRIMA,"Niples 3/4"" Hembra *70 rosca sencilla",1993,19.6,39063.0,39062.8,39062.8,True
OPR-COB-M-1/2-AP,MATERIA PRIMA,"TORNILLO OPRESOR DE 1/2"" DE COBRE",1324,7.9,10460.0,10459.6,10459.6,True
PAS-TER-100-AP,MATERIA PRIMA,Pasta térmica,56,14.9,834.0,834.4,834.4,True
PEL-EMP-P-1220-AP,MATERIA PRIMA,Película protectora electrostática con pegamento para alta presión ancho 1220,36,79.1,2848.0,2847.6,2847.6,True
POL-AIS,MATERIA PRIMA,Polyol,900,47.7,42930.0,42930.0,42930.0,False
SOP-SUJ-TUB-PRE-AP,MATERIA PRIMA,SOPORTE SUJETADOR DE TUBO NEGRO PARA ALTA PRESIÓN POR PIEZA,894,2.6,2324.0,2324.4,2324.4,True
TAC-EXT-201-BA-0.31,MATERIA PRIMA,Tapa Tanque Exterior SS 201-BA 0.31mm,1136,36.1,41010.0,41009.6,41009.6,True
TAC-INT-304-2B-0.41,MATERIA PRIMA,Tapa Tanque interior SS 304-2B 0.41,1433,23.6,33819.0,33818.8,33818.8,True
TAC-INT-304-2B-0.41,MATERIA PRIMA,Tapa Tanque interior SS 304-2B 0.41,98,23.6,2313.0,2312.8,2312.8,True
TAP-EXT-GAL-0.40X500-AP,MATERIA PRIMA,TAPA LATERAL EXTERIOR GAÑVANIZADA (PRESION),17,34.4,585.0,584.8,584.8,True
TAP-INT-304-2B-1X420-AP,MATERIA PRIMA,TAPA INTERMNA SUS 304 1 MM (PRESION),166,111.1,18443.0,18442.6,18442.6,True
TOR-EXT,MATERIA PRIMA,Tornillo Conector para base,2160,1.6,3456.0,3456.0,3456.0,False
UNI-EMP-ORI,MATERIA PRIMA,"Soporte de Unicel P/Tanque ""Orillas""",1550,3.3,5115.0,5115.0,5115.0,False
VAL-ANTVAC-AP,MATERIA PRIMA,"VALVULA ANTIVACIO 1/2"" ALTA PRESIÓN",56,106.1,5942.0,5941.6,5941.6,True
VAL-PT-0.77-90C-AP,MATERIA PRIMA,"VALVULA DE ALIVIO DE PRESION Y TEMPERATURA 0.77 Mpa 90° 3/4"" ALTA PRESÓN",56,148.7,8327.0,8327.2,8327.2,True
VA-TAP-COB-1/2-AP,MATERIA PRIMA,TAPA DE COBRE 1/2,645,7.1,4580.0,4579.5,4579.5,True
AC-CAR-EXT-12,MATERIA PRIMA,CARCAZA DE ACERO TROQUELADA PARA TANQUE DE CALENTADOR SOLAR DE AGUA PARA TANQUE EXTERNO 12 TUBOS,100,173.4,17340.0,17340.0,17340.0,False
AC-CAR-EXT-10,MATERIA PRIMA,CARCAZA DE ACERO TROQUELADA PARA TANQUE DE CALENTADOR SOLAR DE AGUA PARA TANQUE EXTERNO 10 TUBOS,100,151.5,15150.0,15150.0,15150.0,False
AC-CAR-EXT-12,MATERIA PRIMA,CARCAZA DE ACERO TROQUELADA PARA TANQUE DE CALENTADOR SOLAR DE AGUA PARA TANQUE EXTERNO 12 TUBOS,71,173.4,12311.0,12311.4,12311.4,True
AC-CAR-EXT-15,MATERIA PRIMA,CARCAZA DE ACERO TROQUELADA PARA TANQUE DE CALENTADOR SOLAR DE AGUA PARA TANQUE EXTERNO 15 TUBOS,50,196.5,9825.0,9825.0,9825.0,False
AC-CAR-INT-12,MATERIA PRIMA,CARCAZA DE ACERO TROQUELADA PARA TANQUE DE CALENTADOR SOLAR DE AGUA PARA TANQUE INTERNO 12 TUBOS,107,217.9,23315.0,23315.3,23315.3,True
AC-CAR-INT-15,MATERIA PRIMA,CARCAZA DE ACERO TROQUELADA PARA TANQUE DE CALENTADOR SOLAR DE AGUA PARA TANQUE INTERNO 15 TUBOS,53,266.3,14114.0,14113.9,14113.9,True
BAR-TUB,MATERIA PRIMA,BARRA DE MAGNESIO DE TUBO,430,17.5,7525.0,7525.0,7525.0,False
LOGO-TANQUE,MATERIA PRIMA,LOGOTIPO PARA TANQUE,500,15.1,7550.0,7550.0,7550.0,False
